TimeStamp,Delta_TP9,Delta_AF7,Delta_AF8,Delta_TP10,Theta_TP9,Theta_AF7,Theta_AF8,Theta_TP10,Alpha_TP9,Alpha_AF7,Alpha_AF8,Alpha_TP10,Beta_TP9,Beta_AF7,Beta_AF8,Beta_TP10,Gamma_TP9,Gamma_AF7,Gamma_AF8,Gamma_TP10,RAW_TP9,RAW_AF7,RAW_AF8,RAW_TP10,AUX_RIGHT,Accelerometer_X,Accelerometer_Y,Accelerometer_Z,Gyro_X,Gyro_Y,Gyro_Z,HeadBandOn,HSI_TP9,HSI_AF7,HSI_AF8,HSI_TP10,Battery,Elements
2023-02-22 11:34:43.290,0.9064872,1.1065354,1.712518,0.90201426,0.4228963,-0.4270699,0.9550366,0.6013793,0.8135031,-5.7274225E-4,0.73757464,0.73889196,0.8283414,0.049053717,0.3970907,0.74089295,0.48682442,-0.41427374,-0.10851661,0.3821052,816.337,681.3553,786.52014,823.5897,705.5311,-0.16802978515625,-0.0439453125,0.99310302734375,1.667327880859375,-3.850555419921875,-1.03179931640625,1,1.0,1.0,1.0,1.0,90.00
2023-02-22 11:34:44.302,1.2281065,1.1065354,1.3099461,1.3250788,0.5691665,-0.4270699,0.4845694,0.7342724,0.8154484,-5.7274225E-4,0.33668184,0.75913537,0.89472246,0.049053717,-0.06989265,0.8220374,0.5024091,-0.41427374,-0.5996627,0.41456687,805.8608,678.1319,786.9231,794.57874,713.5897,-0.16668701171875,-0.03961181640625,0.99127197265625,1.772003173828125,-3.611297607421875,0.037384033203125,1,1.0,1.0,1.0,1.0,90.00
2023-02-22 11:34:45.306,1.1617883,1.1065354,1.3208013,1.1541463,0.7705049,-0.4270699,0.483176,0.74259657,0.7802958,-5.7274225E-4,0.41280308,0.67121464,0.7918856,0.049053717,-0.20598683,0.5811872,0.514017,-0.41427374,-0.55312604,0.46005085,800.2198,786.9231,786.9231,799.41394,811.9048,-0.17352294921875,-0.045654296875,0.99334716796875,1.12152099609375,-4.246826171875,-0.680389404296875,1,1.0,1.0,1.0,1.0,90.00
2023-02-22 11:34:46.315,0.7607295,1.1065354,1.3682859,0.69200706,0.46809724,-0.4270699,0.30925256,0.49376768,0.45285386,-5.7274225E-4,0.3758214,0.5434592,0.8516761,0.049053717,-0.079283856,0.7200537,0.6266605,-0.41427374,-0.54705364,0.7345534,805.8608,820.7692,795.78754,798.60803,768.3883,-0.19110107421875,-0.0250244140625,0.984619140625,4.05242919921875,-5.4730224609375,1.9439697265625,1,1.0,1.0,1.0,1.0,90.00
2023-02-22 11:34:47.323,0.8563184,1.1065354,1.3682859,0.8872084,0.5591188,-0.4270699,0.30925256,0.49750325,0.4398995,-5.7274225E-4,0.3758214,0.530455,0.76584303,0.049053717,-0.079283856,0.7594257,0.70920175,-0.41427374,-0.54705364,0.6479239,731.7216,701.0989,758.71796,778.0586,700.293,-0.1729736328125,-0.03668212890625,0.9925537109375,5.031890869140625,0.0897216796875,10.445098876953125,1,1.0,1.0,1.0,1.0,90.00
2023-02-22 11:34:48.337,0.8563184,1.1065354,1.3682859,0.8942293,0.5591188,-0.4270699,0.30925256,0.3989984,0.4398995,-5.7274225E-4,0.3758214,0.5109673,0.76584303,0.049053717,-0.079283856,0.6306897,0.70920175,-0.41427374,-0.54705364,0.62922883,819.15753,810.696,795.78754,800.6227,691.4286,-0.13726806640625,-0.0177001953125,0.99908447265625,2.0635986328125,-4.8150634765625,0.6878662109375,1,1.0,1.0,1.0,1.0,90.00
2023-02-22 11:34:49.346,0.8563184,1.1065354,1.3682859,0.7006448,0.5591188,-0.4270699,0.30925256,0.4360301,0.4398995,-5.7274225E-4,0.3758214,0.31165308,0.76584303,0.049053717,-0.079283856,0.7452089,0.70920175,-0.41427374,-0.54705364,0.4727684,808.68134,1180.586,810.293,797.3993,784.5055,-0.17596435546875,-0.03912353515625,0.99639892578125,0.88226318359375,-3.529052734375,-0.777587890625,1,1.0,1.0,1.0,1.0,85.00
2023-02-22 11:34:50.365,0.9632813,1.1065354,1.3682859,0.85594344,0.3797539,-0.4270699,0.30925256,0.35000482,0.65554017,-5.7274225E-4,0.3758214,0.69083875,0.7648338,0.049053717,-0.079283856,0.7571503,0.5744761,-0.41427374,-0.54705364,0.46613738,822.381,747.03296,784.10254,805.4579,728.49817,-0.17279052734375,-0.04034423828125,0.9876708984375,1.099090576171875,-3.54400634765625,-1.77947998046875,1,1.0,1.0,1.0,1.0,85.00
2023-02-22 11:34:51.379,0.81931204,1.1065354,1.3682859,0.9770784,0.39193562,-0.4270699,0.30925256,0.5864636,0.4078256,-5.7274225E-4,0.3758214,0.8597217,0.7457138,0.049053717,-0.079283856,0.56507766,0.40084514,-0.41427374,-0.54705364,0.09078901,791.3553,844.5421,852.6007,800.6227,923.5165,-0.17694091796875,-0.0330810546875,0.99066162109375,1.248626708984375,-3.46923828125,-0.560760498046875,1,1.0,1.0,1.0,1.0,85.00
2023-02-22 11:34:52.405,0.59162426,1.1065354,1.3682859,1.2541393,0.367963,-0.4270699,0.30925256,0.73922324,0.37377444,-5.7274225E-4,0.3758214,1.0016974,0.8467526,0.049053717,-0.079283856,0.5802152,0.5100862,-0.41427374,-0.54705364,0.15878108,794.57874,824.3956,795.78754,799.011,730.5128,-0.178466796875,-0.03582763671875,0.98687744140625,2.504730224609375,-3.401947021484375,-0.770111083984375,1,1.0,2.0,1.0,1.0,85.00
2023-02-22 11:34:53.419,0.51468426,1.1065354,1.3682859,0.30434853,0.24079497,-0.4270699,0.30925256,0.1351918,0.3341476,-5.7274225E-4,0.3758214,0.3853744,0.91313887,0.049053717,-0.079283856,0.3996689,0.35598564,-0.41427374,-0.54705364,0.32454762,645.4945,673.2967,722.4542,720.0366,727.6923,-0.18646240234375,-0.02838134765625,0.98614501953125,1.55517578125,-2.0635986328125,0.321502685546875,1,1.0,1.0,1.0,1.0,85.00
2023-02-22 11:34:53,,,,,,,,,,,,,,,,,,,,,,,,,,,,,,,,,,,,,,/muse/elements/blink
2023-02-22 11:34:54,,,,,,,,,,,,,,,,,,,,,,,,,,,,,,,,,,,,,,/muse/elements/blink
2023-02-22 11:34:54.426,0.51807034,1.1065354,1.3682859,0.3497608,-0.042177185,-0.4270699,0.30925256,0.019982152,0.1612562,-5.7274225E-4,0.3758214,0.103430696,0.95653284,0.049053717,-0.079283856,0.40625075,0.3070965,-0.41427374,-0.54705364,0.38090232,815.12823,629.3773,818.7546,812.3077,852.6007,-0.19140625,-0.02984619140625,0.98468017578125,2.205657958984375,-2.938385009765625,-0.91217041015625,1,1.0,1.0,1.0,1.0,85.00
2023-02-22 11:34:55.428,0.51807034,1.1065354,1.3682859,0.3497608,-0.042177185,-0.4270699,0.30925256,0.019982152,0.1612562,-5.7274225E-4,0.3758214,0.103430696,0.95653284,0.049053717,-0.079283856,0.40625075,0.3070965,-0.41427374,-0.54705364,0.38090232,832.0513,816.7399,805.05493,829.2308,775.64105,-0.1915283203125,-0.02569580078125,0.9854736328125,1.831817626953125,-1.60003662109375,-1.734619140625,1,1.0,1.0,1.0,1.0,85.00
2023-02-22 11:34:56.436,0.93345505,1.1065354,1.3682859,0.72125834,0.5187499,-0.4270699,0.30925256,0.62793136,0.7585045,-5.7274225E-4,0.3758214,0.99154735,0.6062826,0.049053717,-0.079283856,0.79804426,0.42743623,-0.41427374,-0.54705364,0.5238095,812.3077,848.97437,817.9487,809.89014,742.1978,-0.19476318359375,-0.015625,0.99029541015625,1.80938720703125,-5.869293212890625,-1.495361328125,1,1.0,1.0,1.0,1.0,85.00
2023-02-22 11:34:57.461,0.8826912,1.6986045,1.3682859,0.5585922,0.3744348,1.2390729,0.30925256,0.08425913,0.7910745,1.0486041,0.3758214,0.7425381,0.6153813,0.033082694,-0.079283856,0.55850714,0.27982667,-0.42509988,-0.54705364,0.54596305,815.9341,844.5421,796.99634,794.57874,701.50183,-0.220458984375,-0.01080322265625,0.97540283203125,1.024322509765625,-8.8525390625,-0.16448974609375,1,1.0,1.0,1.0,1.0,85.00
2023-02-22 11:34:58.469,0.7566358,1.332041,1.3682859,0.796303,0.57245266,0.9730412,0.30925256,0.48062053,0.9337702,1.11963,0.3758214,0.66611826,0.7503943,-0.07054077,-0.079283856,0.7161749,0.40144295,-0.4869118,-0.54705364,0.41169843,801.4286,844.5421,838.9011,788.5348,777.25275,-0.2242431640625,-0.006103515625,0.98193359375,0.246734619140625,-10.026397705078125,-2.115936279296875,1,1.0,1.0,1.0,1.0,85.00
2023-02-22 11:34:59,,,,,,,,,,,,,,,,,,,,,,,,,,,,,,,,,,,,,,/muse/elements/blink
2023-02-22 11:34:59.488,1.0348033,1.4018826,1.3682859,1.2287357,0.8517861,1.1635127,0.30925256,0.9419691,0.93350625,1.1333938,0.3758214,0.8264558,0.8052514,0.1165827,-0.079283856,0.709767,0.4340248,-0.5254793,-0.54705364,0.11884009,794.9817,865.89746,806.6667,794.57874,668.86444,-0.2274169921875,0.00323486328125,0.9859619140625,1.099090576171875,-6.557159423828125,-0.9271240234375,1,1.0,1.0,1.0,1.0,85.00
2023-02-22 11:35:00.512,1.137693,1.7299827,1.3682859,1.0998408,0.9483603,1.4126788,0.30925256,1.0116837,0.7402613,0.89250004,0.3758214,0.79361486,0.78934586,0.1494149,-0.079283856,0.5368373,0.3739907,-0.42343733,-0.54705364,0.12828498,790.9524,832.0513,794.17584,794.17584,770.80585,-0.22369384765625,-0.00103759765625,0.9749755859375,0.82244873046875,-9.712371826171875,-1.4654541015625,1,1.0,1.0,1.0,1.0,85.00
2023-02-22 11:35:01.530,0.6903299,1.7299827,1.3682859,0.8233316,0.6387789,1.4126788,0.30925256,0.3524022,0.7447448,0.89250004,0.3758214,0.56551695,0.7152286,0.1494149,-0.079283856,0.60682935,0.49038032,-0.42343733,-0.54705364,0.028253365,789.7436,816.337,805.4579,804.2491,756.30035,-0.23590087890625,0.00830078125,0.978515625,0.859832763671875,-7.22259521484375,-0.58319091796875,1,1.0,1.0,1.0,1.0,85.00
2023-02-22 11:35:02.538,0.48114052,1.7299827,1.3682859,0.80680764,0.1693857,1.4126788,0.30925256,0.16671522,0.82909864,0.89250004,0.3758214,0.7365087,0.59896654,0.1494149,-0.079283856,0.54998875,0.4790442,-0.42343733,-0.54705364,0.21486317,753.47986,715.2015,760.7326,786.9231,647.9121,-0.22869873046875,0.007568359375,0.9794921875,0.88226318359375,-6.960906982421875,0.545806884765625,1,1.0,1.0,1.0,1.0,85.00
2023-02-22 11:35:03.555,0.340602,1.7299827,1.3682859,0.78473216,0.19629219,1.4126788,0.30925256,0.13515759,0.57562095,0.89250004,0.3758214,0.49988267,0.52894765,0.1494149,-0.079283856,0.47251654,0.4435172,-0.42343733,-0.54705364,0.40833253,788.93774,704.3223,851.79486,786.1172,713.9927,-0.24072265625,-4.2724609375E-4,0.978271484375,1.27105712890625,-0.785064697265625,-1.6448974609375,1,1.0,1.0,1.0,1.0,85.00
2023-02-22 11:35:04.559,1.4035232,1.7299827,1.3682859,0.84843296,1.1950293,1.4126788,0.30925256,0.79778326,1.1301053,0.89250004,0.3758214,0.89652187,0.83501005,0.1494149,-0.079283856,0.8934416,0.4522793,-0.42343733,-0.54705364,0.4727205,810.293,848.5714,816.7399,790.9524,718.8278,-0.25250244140625,0.00537109375,0.97247314453125,2.190704345703125,-0.97198486328125,-0.874786376953125,1,1.0,1.0,1.0,1.0,85.00
2023-02-22 11:35:05.568,1.4579898,1.7299827,1.3682859,0.75866795,1.2363704,1.4126788,0.30925256,0.5632577,1.1301053,0.89250004,0.3758214,0.888275,0.8395324,0.1494149,-0.079283856,0.83800906,0.45947492,-0.42343733,-0.54705364,0.41911128,785.7143,911.4286,866.7033,792.5641,757.9121,-0.25042724609375,0.01220703125,0.96722412109375,1.143951416015625,-6.063690185546875,-0.396270751953125,1,1.0,1.0,1.0,1.0,85.00
2023-02-22 11:35:06.576,1.4579898,1.7299827,1.3682859,0.5633686,1.2363704,1.4126788,0.30925256,0.28078488,1.1301053,0.89250004,0.3758214,0.06811185,0.8395324,0.1494149,-0.079283856,0.69822866,0.45947492,-0.42343733,-0.54705364,0.38567358,768.3883,692.6374,757.1062,805.05493,772.8205,-0.24273681640625,0.0081787109375,0.97418212890625,2.76641845703125,-0.142059326171875,-0.022430419921875,1,1.0,1.0,1.0,1.0,85.00
2023-02-22 11:35:07.585,1.4579898,1.7299827,1.3682859,0.5633686,1.2363704,1.4126788,0.30925256,0.28078488,1.1301053,0.89250004,0.3758214,0.06811185,0.8395324,0.1494149,-0.079283856,0.69822866,0.45947492,-0.42343733,-0.54705364,0.38567358,801.8315,860.2564,815.12823,838.49817,730.5128,-0.26873779296875,0.01324462890625,0.9674072265625,1.682281494140625,-1.95892333984375,-1.039276123046875,1,1.0,1.0,1.0,1.0,85.00
2023-02-22 11:35:08.593,1.4579898,1.7299827,1.3682859,1.0364603,1.2363704,1.4126788,0.30925256,0.5790822,1.1301053,0.89250004,0.3758214,0.5124284,0.8395324,0.1494149,-0.079283856,0.84288603,0.45947492,-0.42343733,-0.54705364,0.62525374,809.0842,799.011,828.4249,814.7253,866.30035,-0.2496337890625,0.00933837890625,0.9737548828125,0.979461669921875,-7.095489501953125,-1.383209228515625,1,1.0,1.0,1.0,1.0,85.00
2023-02-22 11:35:09.602,1.4579898,1.7299827,1.3682859,1.0364603,1.2363704,1.4126788,0.30925256,0.5790822,1.1301053,0.89250004,0.3758214,0.5124284,0.8395324,0.1494149,-0.079283856,0.84288603,0.45947492,-0.42343733,-0.54705364,0.62525374,824.7985,741.39197,827.619,832.0513,684.9817,-0.24945068359375,0.00848388671875,0.97442626953125,1.45050048828125,-1.45050048828125,-0.9271240234375,1,1.0,1.0,1.0,1.0,85.00
2023-02-22 11:35:10.624,1.4579898,1.7299827,1.5051903,1.1855003,1.2363704,1.4126788,0.89598936,0.71921134,1.1301053,0.89250004,0.3195965,0.65073246,0.8395324,0.1494149,0.039415117,0.7297883,0.45947492,-0.42343733,-0.12046143,0.36165178,758.315,803.44324,748.6447,812.71063,903.36993,-0.25775146484375,0.01068115234375,0.9703369140625,2.310333251953125,0.40374755859375,-1.854248046875,1,1.0,1.0,1.0,1.0,90.00
2023-02-22 11:35:11.636,1.4579898,1.7299827,1.4784342,0.8580932,1.2363704,1.4126788,0.7727572,0.28916335,1.1301053,0.89250004,0.31880718,0.3522591,0.8395324,0.1494149,0.02899592,0.6798451,0.45947492,-0.42343733,-0.14074022,0.27406466,783.69965,794.57874,811.0989,781.28204,652.74725,-0.25421142578125,0.00897216796875,0.9722900390625,2.175750732421875,-1.936492919921875,-0.620574951171875,1,1.0,1.0,1.0,1.0,90.00
2023-02-22 11:35:12.644,1.4579898,1.7299827,1.4784342,1.0128713,1.2363704,1.4126788,0.7727572,0.28399634,1.1301053,0.89250004,0.31880718,0.28927207,0.8395324,0.1494149,0.02899592,0.6590821,0.45947492,-0.42343733,-0.14074022,0.39089403,791.75824,847.76556,807.0696,803.0403,701.9048,-0.2620849609375,0.01983642578125,0.96441650390625,2.7813720703125,0.64300537109375,-1.65985107421875,1,1.0,1.0,1.0,1.0,90.00
2023-02-22 11:35:13.658,1.4579898,1.7299827,1.4784342,1.1376847,1.2363704,1.4126788,0.7727572,0.3467163,1.1301053,0.89250004,0.31880718,0.09953715,0.8395324,0.1494149,0.02899592,0.5875488,0.45947492,-0.42343733,-0.14074022,0.48240393,807.8755,872.3443,821.5751,809.89014,755.09155,-0.26617431640625,0.01531982421875,0.9638671875,1.951446533203125,-2.6318359375,0.28411865234375,1,1.0,1.0,1.0,1.0,90.00
2023-02-22 11:35:14.669,1.4579898,1.7299827,1.4784342,1.2610265,1.2363704,1.4126788,0.7727572,0.8553176,1.1301053,0.89250004,0.31880718,0.96732783,0.8395324,0.1494149,0.02899592,0.5691751,0.45947492,-0.42343733,-0.14074022,0.17935662,719.2308,779.67035,778.86444,722.4542,725.2747,-0.25836181640625,0.0208740234375,0.97125244140625,1.98883056640625,-3.715972900390625,-1.502838134765625,1,1.0,1.0,1.0,1.0,90.00
2023-02-22 11:35:15.673,1.4579898,1.7299827,1.4784342,1.4576144,1.2363704,1.4126788,0.7727572,0.9898918,1.1301053,0.89250004,0.31880718,0.95332855,0.8395324,0.1494149,0.02899592,0.5209573,0.45947492,-0.42343733,-0.14074022,0.15185712,819.15753,809.0842,841.31866,814.3223,765.56775,-0.26397705078125,0.02001953125,0.97100830078125,0.85235595703125,-4.47113037109375,-1.74957275390625,1,1.0,1.0,1.0,1.0,90.00
2023-02-22 11:35:16.675,1.0376905,1.3296164,1.4784342,1.137809,0.72631794,0.975449,0.7727572,0.6761055,0.5936365,0.69822675,0.31880718,0.428386,0.75931615,-0.15610778,0.02899592,0.4517478,0.20305498,-0.40151024,-0.14074022,0.09329783,814.7253,829.6337,826.4103,809.89014,676.1172,-0.25946044921875,0.0211181640625,0.96875,1.218719482421875,-2.848663330078125,-0.740203857421875,1,1.0,1.0,1.0,1.0,90.00
2023-02-22 11:35:17.676,1.120436,1.2909925,1.4784342,1.2120582,0.7416313,0.9440248,0.7727572,0.90302324,0.6167309,0.4847196,0.31880718,0.68527234,0.8259157,-0.13681825,0.02899592,0.4678942,0.23751123,-0.33783203,-0.14074022,0.21270344,778.86444,781.685,806.26373,795.38464,972.27106,-0.2623291015625,0.02288818359375,0.97320556640625,1.65985107421875,-3.30474853515625,0.456085205078125,1,1.0,1.0,1.0,1.0,90.00
2023-02-22 11:35:18.689,1.2598469,1.2909925,1.4784342,1.2467699,0.844819,0.9440248,0.7727572,1.0294598,0.57243145,0.4847196,0.31880718,0.5933423,0.9047494,-0.13681825,0.02899592,0.4590733,0.30111116,-0.33783203,-0.14074022,0.31673664,810.293,882.8205,850.58606,809.89014,878.3883,-0.260498046875,0.02313232421875,0.97369384765625,1.637420654296875,-4.0673828125,-0.620574951171875,1,1.0,1.0,1.0,1.0,90.00
2023-02-22 11:35:19.699,1.3206377,1.2909925,1.4784342,1.2619956,0.81367236,0.9440248,0.7727572,0.93972623,0.6810488,0.4847196,0.31880718,0.79779613,0.69815016,-0.13681825,0.02899592,0.5058779,0.21652317,-0.33783203,-0.14074022,0.016763015,822.7839,819.9634,782.49084,817.9487,728.0952,-0.26202392578125,0.0137939453125,0.96990966796875,0.575714111328125,-3.237457275390625,-1.128997802734375,1,1.0,1.0,1.0,1.0,90.00
2023-02-22 11:35:20.719,1.2527481,1.2909925,1.4784342,1.0145203,0.76994807,0.9440248,0.7727572,0.6362062,0.7297856,0.4847196,0.31880718,0.97296906,0.8229519,-0.13681825,0.02899592,0.47112557,0.32131264,-0.33783203,-0.14074022,0.3055716,782.0879,831.6484,799.41394,790.54944,706.337,-0.25103759765625,0.01190185546875,0.9708251953125,1.95892333984375,-3.835601806640625,-1.45050048828125,1,1.0,1.0,1.0,1.0,90.00
2023-02-22 11:35:21.724,1.2221005,1.2909925,1.4784342,0.8062672,0.5323168,0.9440248,0.7727572,0.40660042,0.67220545,0.4847196,0.31880718,0.7366502,0.50365764,-0.13681825,0.02899592,0.49397236,0.5128139,-0.33783203,-0.14074022,0.3558533,796.99634,813.5165,822.7839,807.0696,683.7729,-0.24481201171875,0.01995849609375,0.97747802734375,0.411224365234375,-3.641204833984375,-1.158905029296875,1,1.0,1.0,1.0,1.0,90.00
2023-02-22 11:35:22.738,0.97506386,1.5570351,1.4784342,1.0402393,0.5337915,1.048963,0.7727572,0.6503743,0.7071559,0.49729234,0.31880718,0.5460194,0.5345475,0.0854857,0.02899592,0.5463787,0.3429427,-0.6647089,-0.14074022,0.16164385,773.22345,780.07324,786.1172,796.99634,786.1172,-0.24871826171875,0.0181884765625,0.97821044921875,2.086029052734375,-5.405731201171875,-0.82244873046875,1,1.0,1.0,1.0,1.0,90.00
2023-02-22 11:35:23.755,0.34816197,1.5547006,1.4784342,0.84532577,0.33306313,1.097279,0.7727572,0.43259463,0.5474175,0.49125165,0.31880718,0.59220105,0.7419292,0.094296165,0.02899592,0.40791354,0.2274426,-0.65149146,-0.14074022,0.20784771,786.1172,880.80585,855.82416,807.0696,836.08057,-0.2442626953125,0.01385498046875,0.97161865234375,1.15142822265625,-4.77020263671875,-1.136474609375,1,1.0,1.0,1.0,1.0,90.00
2023-02-22 11:35:24.760,0.38193345,1.572068,1.4784342,0.4746105,0.3654786,1.1450379,0.7727572,0.18516809,0.72072035,0.48126382,0.31880718,0.41070116,0.8140221,0.10728621,0.02899592,0.43421683,0.24435855,-0.6279842,-0.14074022,0.057607602,760.7326,790.54944,773.6264,778.0586,771.2088,-0.25384521484375,0.01019287109375,0.97503662109375,1.637420654296875,-3.551483154296875,-0.530853271484375,1,1.0,1.0,1.0,1.0,90.00
2023-02-22 11:35:25.770,1.0007311,1.572068,1.4784342,1.2826751,0.38831428,1.1450379,0.7727572,0.79742074,0.6740814,0.48126382,0.31880718,0.84567046,0.89480114,0.10728621,0.02899592,0.4553984,0.32173914,-0.6279842,-0.14074022,0.16426067,802.23444,801.02563,803.44324,793.7729,717.619,-0.26751708984375,0.02618408203125,0.97027587890625,0.25421142578125,-6.721649169921875,-1.5850830078125,1,1.0,1.0,1.0,1.0,90.00
2023-02-22 11:35:26.777,1.0129385,1.401396,1.4784342,1.0282103,0.29436266,1.0510924,0.7727572,0.43685305,0.47410327,0.57653475,0.31880718,0.86973494,0.7926103,-0.15276372,0.02899592,0.47252646,0.50955456,-0.58469146,-0.14074022,0.24979323,770.80585,786.52014,776.4469,817.9487,799.81683,-0.27252197265625,0.02484130859375,0.96563720703125,1.697235107421875,-3.760833740234375,-1.457977294921875,1,1.0,1.0,1.0,1.0,90.00
2023-02-22 11:35:27.806,1.0129385,1.5722654,1.4784342,1.0387039,0.29436266,1.1791276,0.7727572,0.24441881,0.47410327,0.29679093,0.31880718,0.90394795,0.7926103,-0.12938319,0.02899592,0.45278913,0.50955456,-0.5852524,-0.14074022,0.1996906,813.91943,783.69965,779.2674,790.54944,767.1795,-0.276611328125,0.026611328125,0.96533203125,2.669219970703125,-1.353302001953125,-0.441131591796875,1,1.0,1.0,1.0,1.0,90.00
2023-02-22 11:35:28.819,1.0129385,1.5722654,1.4784342,1.319571,0.29436266,1.1791276,0.7727572,0.49523127,0.47410327,0.29679093,0.31880718,0.88615936,0.7926103,-0.12938319,0.02899592,0.4536424,0.50955456,-0.5852524,-0.14074022,0.1532939,857.4359,875.16486,893.2967,798.20514,797.3993,-0.262939453125,0.026123046875,0.96807861328125,1.592559814453125,-1.532745361328125,-0.3289794921875,1,1.0,1.0,1.0,1.0,90.00
2023-02-22 11:35:29.838,1.2133937,1.5722654,1.4784342,1.319571,0.59751344,1.1791276,0.7727572,0.49523127,0.7046285,0.29679093,0.31880718,0.88615936,0.7785852,-0.12938319,0.02899592,0.4536424,0.33927193,-0.5852524,-0.14074022,0.1532939,796.5934,838.49817,804.65204,773.22345,757.50916,-0.27215576171875,0.02337646484375,0.96307373046875,1.03179931640625,-3.207550048828125,-1.084136962890625,1,1.0,1.0,1.0,1.0,90.00
2023-02-22 11:35:30.856,1.0884346,1.5722654,1.4784342,1.319571,0.42830625,1.1791276,0.7727572,0.49523127,0.6060604,0.29679093,0.31880718,0.88615936,0.7349628,-0.12938319,0.02899592,0.4536424,0.4267744,-0.5852524,-0.14074022,0.1532939,793.7729,801.4286,786.1172,805.05493,761.13556,-0.27520751953125,0.02911376953125,0.9688720703125,0.740203857421875,-6.168365478515625,-1.457977294921875,1,1.0,1.0,1.0,1.0,90.00
2023-02-22 11:35:31.870,0.5861548,1.5722654,1.4784342,0.49122426,0.29402986,1.1791276,0.7727572,0.05061572,0.26664153,0.29679093,0.31880718,0.45521653,0.7408436,-0.12938319,0.02899592,0.49333602,0.41189897,-0.5852524,-0.14074022,0.23692311,807.47253,847.3626,857.03296,809.4872,689.41394,-0.271240234375,0.02764892578125,0.96624755859375,1.7645263671875,-4.044952392578125,-0.79254150390625,1,1.0,1.0,1.0,1.0,90.00
2023-02-22 11:35:32.884,1.0376986,1.5722654,1.4784342,0.7732447,0.6189451,1.1791276,0.7727572,-0.12716517,0.47129363,0.29679093,0.31880718,0.52091867,0.72093624,-0.12938319,0.02899592,0.54367787,0.40418157,-0.5852524,-0.14074022,0.1933068,806.26373,787.72894,791.3553,805.05493,716.4103,-0.2894287109375,0.0325927734375,0.9617919921875,2.145843505859375,-1.8841552734375,-1.024322509765625,1,1.0,1.0,1.0,1.0,90.00
2023-02-22 11:35:33.896,1.0057938,1.5722654,1.4784342,0.7358526,0.21343452,1.1791276,0.7727572,0.3516056,0.6450419,0.29679093,0.31880718,0.73527265,0.57384074,-0.12938319,0.02899592,0.570534,0.37091246,-0.5852524,-0.14074022,0.105137974,803.0403,817.1429,793.7729,793.36993,790.9524,-0.28814697265625,0.0333251953125,0.96673583984375,1.383209228515625,-4.47113037109375,-1.54022216796875,1,1.0,1.0,1.0,1.0,90.00
2023-02-22 11:35:34.907,0.88279825,1.0635314,1.4784342,0.86839074,0.11778635,0.84553075,0.7727572,0.35322508,0.60383606,0.7606517,0.31880718,0.7223461,0.7763994,-0.069050744,0.02899592,0.49433592,0.50875336,-0.48305032,-0.14074022,0.22647619,784.5055,791.3553,796.5934,793.36993,680.9524,-0.284423828125,0.04144287109375,0.96466064453125,1.547698974609375,-4.7552490234375,-1.09161376953125,1,1.0,1.0,1.0,1.0,90.00
2023-02-22 11:35:35.910,1.3444878,1.1407117,1.4784342,0.7011478,0.44190305,1.0145366,0.7727572,0.012322334,0.4992902,0.73445153,0.31880718,0.08053009,0.8554974,-0.07033602,0.02899592,0.3750086,0.38047928,-0.4175996,-0.14074022,0.387254,792.1612,779.2674,794.57874,802.23444,688.60803,-0.29132080078125,0.04180908203125,0.95819091796875,1.712188720703125,-3.75335693359375,-0.231781005859375,1,1.0,1.0,1.0,1.0,90.00
2023-02-22 11:35:36.927,0.8318379,1.0763534,1.4784342,1.0349511,-0.19777904,1.0459201,0.7727572,0.54035753,0.50762904,0.50443435,0.31880718,0.59649163,0.8057749,-0.21684027,0.02899592,0.6031762,0.41239876,-0.4603122,-0.14074022,0.31331533,815.9341,804.2491,811.50183,811.50183,752.674,-0.297119140625,0.04461669921875,0.96038818359375,1.92901611328125,-3.7384033203125,-0.635528564453125,1,1.0,1.0,1.0,1.0,90.00
2023-02-22 11:35:37.935,0.80513996,1.0763534,1.4784342,1.0393724,0.30932644,1.0459201,0.7727572,0.5435381,0.3016994,0.50443435,0.31880718,0.60385823,0.80363077,-0.21684027,0.02899592,0.4727154,0.3206638,-0.4603122,-0.14074022,0.29029268,756.30035,778.0586,748.6447,769.59705,810.696,-0.2996826171875,0.034423828125,0.955810546875,1.308441162109375,-3.18511962890625,-0.73272705078125,1,1.0,1.0,1.0,1.0,90.00
2023-02-22 11:35:38.945,0.9546854,1.0763534,1.4784342,0.83737195,0.33643615,1.0459201,0.7727572,0.32131016,0.5174225,0.50443435,0.31880718,0.6312582,0.75549376,-0.21684027,0.02899592,0.5723685,0.3438067,-0.4603122,-0.14074022,0.27012044,815.12823,786.9231,804.65204,799.41394,814.7253,-0.30120849609375,0.0399169921875,0.9610595703125,1.77947998046875,-5.211334228515625,-0.67291259765625,1,1.0,1.0,1.0,1.0,90.00
2023-02-22 11:35:39.950,1.0144401,1.0763534,1.4784342,0.93430066,0.38032177,1.0459201,0.7727572,0.22705594,0.50858355,0.50443435,0.31880718,0.5309972,0.7328931,-0.21684027,0.02899592,0.5011506,0.34727636,-0.4603122,-0.14074022,0.13038401,807.47253,850.58606,865.89746,801.4286,685.38464,-0.2974853515625,0.03619384765625,0.95416259765625,1.517791748046875,-3.54400634765625,-0.814971923828125,1,1.0,1.0,1.0,1.0,90.00
2023-02-22 11:35:40.959,1.0144401,1.0763534,1.4784342,0.9766211,0.38032177,1.0459201,0.7727572,0.19433863,0.50858355,0.50443435,0.31880718,0.5911716,0.7328931,-0.21684027,0.02899592,0.5117099,0.34727636,-0.4603122,-0.14074022,0.16334097,765.16486,744.21246,770.0,786.52014,794.57874,-0.301513671875,0.03631591796875,0.96185302734375,0.844879150390625,-4.628143310546875,-0.85235595703125,1,1.0,1.0,1.0,1.0,90.00
2023-02-22 11:35:41.967,1.0144401,1.0763534,1.4784342,0.5456334,0.38032177,1.0459201,0.7727572,0.038653776,0.50858355,0.50443435,0.31880718,0.46218094,0.7328931,-0.21684027,0.02899592,0.5639508,0.34727636,-0.4603122,-0.14074022,0.42826176,821.5751,815.12823,805.4579,806.26373,651.53845,-0.29736328125,0.03961181640625,0.9619140625,1.83929443359375,-3.1402587890625,-0.059814453125,1,1.0,1.0,1.0,1.0,90.00
2023-02-22 11:35:42.973,0.87025565,1.0763534,1.4784342,0.33809587,0.539646,1.0459201,0.7727572,0.15696332,0.48561892,0.50443435,0.31880718,0.6008622,0.537501,-0.21684027,0.02899592,0.49531496,0.47864223,-0.4603122,-0.14074022,0.4074752,796.99634,801.8315,787.72894,797.8022,789.7436,-0.29339599609375,0.04217529296875,0.9603271484375,2.026214599609375,-3.521575927734375,-0.127105712890625,1,1.0,1.0,1.0,1.0,90.00
2023-02-22 11:35:43.985,0.80569184,1.0763534,1.4784342,0.7481315,0.31626853,1.0459201,0.7727572,0.23566125,0.64385086,0.50443435,0.31880718,0.5814818,0.67703176,-0.21684027,0.02899592,0.48588172,0.54501927,-0.4603122,-0.14074022,0.34410167,809.0842,800.2198,798.60803,808.2784,743.8095,-0.3013916015625,0.03875732421875,0.9586181640625,1.457977294921875,-3.63372802734375,-0.874786376953125,1,1.0,1.0,1.0,1.0,90.00
2023-02-22 11:35:44.997,0.70173025,1.4359169,1.4784342,0.51256156,0.22365357,0.7575637,0.7727572,-0.05927923,0.6563298,0.6206653,0.31880718,0.3669791,0.83488476,0.02981786,0.02899592,0.4733497,0.57095987,-0.5514063,-0.14074022,0.3889407,766.3736,761.13556,811.9048,832.0513,757.1062,-0.2962646484375,0.03546142578125,0.9603271484375,0.859832763671875,-3.970184326171875,-1.8243408203125,1,1.0,1.0,1.0,1.0,90.00
2023-02-22 11:35:46.010,0.7160982,1.4391868,1.4784342,0.4198306,0.23487881,0.80150265,0.7727572,0.113214195,0.5046137,0.6206653,0.31880718,0.3136927,0.8795839,0.09451261,0.02899592,0.48552388,0.5613024,-0.48465908,-0.14074022,0.39173666,736.55676,842.52747,880.0,757.9121,772.4176,-0.2977294921875,0.03619384765625,0.96246337890625,1.502838134765625,-3.671112060546875,-0.777587890625,1,1.0,1.0,1.0,1.0,90.00
2023-02-22 11:35:47.019,0.7160982,1.4391868,1.4784342,0.7397798,0.23487881,0.80150265,0.7727572,0.2123444,0.5046137,0.6206653,0.31880718,0.6525488,0.8795839,0.09451261,0.02899592,0.47458342,0.5613024,-0.48465908,-0.14074022,0.33767915,808.2784,819.5604,800.2198,803.0403,849.7802,-0.2999267578125,0.0406494140625,0.9658203125,1.532745361328125,-3.45428466796875,0.022430419921875,1,1.0,1.0,1.0,1.0,90.00
2023-02-22 11:35:48.027,1.1463501,1.4391868,1.4784342,0.60220814,0.643414,0.80150265,0.7727572,0.1232488,0.83180696,0.6206653,0.31880718,0.49126023,0.9188033,0.09451261,0.02899592,0.39320236,0.43156284,-0.48465908,-0.14074022,0.22913373,803.0403,800.6227,798.20514,807.47253,788.1319,-0.29571533203125,0.04022216796875,0.95770263671875,2.026214599609375,-3.0206298828125,-0.8673095703125,1,1.0,1.0,1.0,1.0,90.00
2023-02-22 11:35:49.035,1.3230377,1.4391868,1.4784342,0.83842164,0.76824594,0.80150265,0.7727572,0.1603669,0.84105784,0.6206653,0.31880718,0.6198774,0.9632557,0.09451261,0.02899592,0.3362538,0.4883817,-0.48465908,-0.14074022,0.23896578,807.8755,852.6007,828.4249,808.2784,661.6117,-0.30364990234375,0.03936767578125,0.96014404296875,2.310333251953125,-1.7645263671875,-1.136474609375,1,1.0,1.0,1.0,1.0,90.00
2023-02-22 11:35:50.039,1.5011085,1.4391868,1.4784342,1.0185194,0.9220444,0.80150265,0.7727572,0.2988594,0.83542365,0.6206653,0.31880718,0.6567608,0.95082986,0.09451261,0.02899592,0.34724137,0.5413333,-0.48465908,-0.14074022,0.24870007,788.5348,795.38464,763.1502,776.4469,754.68866,-0.295166015625,0.04022216796875,0.958740234375,1.218719482421875,-3.87298583984375,-1.375732421875,1,1.0,1.0,1.0,1.0,90.00
2023-02-22 11:35:51.042,1.2445987,1.4391868,1.4784342,0.16387278,0.5311242,0.80150265,0.7727572,0.13240676,0.82599926,0.6206653,0.31880718,0.13484827,0.73480433,0.09451261,0.02899592,0.48203868,0.45980906,-0.48465908,-0.14074022,0.3634687,792.96704,751.06226,777.6557,798.60803,681.3553,-0.28790283203125,0.0419921875,0.961181640625,1.9439697265625,-5.6524658203125,-0.007476806640625,1,1.0,1.0,1.0,1.0,90.00
2023-02-22 11:35:52.066,0.4692046,1.4391868,1.4784342,0.3023192,-0.1432787,0.80150265,0.7727572,0.10985881,0.31858534,0.6206653,0.31880718,0.19489162,0.6714516,0.09451261,0.02899592,0.50601286,0.4769645,-0.48465908,-0.14074022,0.40673718,828.022,808.2784,826.4103,806.6667,655.56775,-0.29620361328125,0.04193115234375,0.96099853515625,0.55328369140625,-7.40203857421875,-2.093505859375,1,1.0,1.0,1.0,1.0,95.00
2023-02-22 11:35:53.076,0.43670806,1.4391868,1.4784342,0.50614387,-0.53399444,0.80150265,0.7727572,-0.032378845,0.20870367,0.6206653,0.31880718,0.11146398,0.7706604,0.09451261,0.02899592,0.5013633,0.35860354,-0.48465908,-0.14074022,0.3821708,819.15753,814.7253,803.44324,859.85345,702.3077,-0.3040771484375,0.0374755859375,0.9580078125,0.67291259765625,-6.796417236328125,-0.34393310546875,1,1.0,1.0,1.0,1.0,95.00
2023-02-22 11:35:54.108,0.9352832,1.4391868,1.4784342,0.58735573,0.4634025,0.80150265,0.7727572,0.2144633,0.58332264,0.6206653,0.31880718,0.6163748,0.74272215,0.09451261,0.02899592,0.6617051,0.5607336,-0.48465908,-0.14074022,0.47519034,808.68134,822.381,840.9158,799.011,812.3077,-0.3126220703125,0.05023193359375,0.95526123046875,0.560760498046875,-8.38897705078125,-1.62994384765625,1,1.0,1.0,1.0,1.0,95.00
2023-02-22 11:35:55.144,1.0057641,1.4391868,1.4784342,0.89811695,0.40027928,0.80150265,0.7727572,0.30499223,0.5158773,0.6206653,0.31880718,0.43149215,0.7666502,0.09451261,0.02899592,0.48463044,0.66064936,-0.48465908,-0.14074022,0.4196621,828.8278,802.23444,807.0696,823.5897,764.7619,-0.30224609375,0.04827880859375,0.9554443359375,1.15142822265625,-3.887939453125,-0.43365478515625,1,1.0,1.0,1.0,1.0,95.00
2023-02-22 11:35:56.159,0.87864435,1.4391868,1.4784342,0.52783763,0.623705,0.80150265,0.7727572,0.57355446,0.652375,0.6206653,0.31880718,0.54819834,1.0226716,0.09451261,0.02899592,0.70123875,0.29511467,-0.48465908,-0.14074022,0.2266314,775.64105,791.3553,798.60803,774.0293,668.46155,-0.3031005859375,0.05517578125,0.95477294921875,1.697235107421875,-1.33087158203125,-0.5682373046875,1,1.0,1.0,1.0,1.0,95.00
2023-02-22 11:35:57.163,0.983211,1.4391868,1.4784342,0.52783763,0.6325333,0.80150265,0.7727572,0.57355446,0.67151374,0.6206653,0.31880718,0.54819834,1.0079437,0.09451261,0.02899592,0.70123875,0.3192121,-0.48465908,-0.14074022,0.2266314,753.8828,798.20514,851.79486,772.8205,932.7839,-0.29998779296875,0.049072265625,0.9599609375,1.054229736328125,-7.1478271484375,-1.80938720703125,1,1.0,1.0,1.0,1.0,95.00
2023-02-22 11:35:58.202,1.0873504,1.4391868,1.4784342,0.45071435,0.68133175,0.80150265,0.7727572,0.5607302,0.61811525,0.6206653,0.31880718,0.4519831,0.9932521,0.09451261,0.02899592,0.71356535,0.34444222,-0.48465908,-0.14074022,0.20694533,808.68134,805.05493,797.8022,801.02563,781.28204,-0.30340576171875,0.05792236328125,0.9564208984375,1.7047119140625,-6.6094970703125,-1.428070068359375,1,1.0,1.0,1.0,1.0,95.00
2023-02-22 11:35:59.219,0.32547835,1.0155886,1.4784342,-0.22331218,0.28564852,0.9831416,0.7727572,0.12628618,0.28987798,0.4941557,0.31880718,0.13292995,0.5182852,0.12725566,0.02899592,0.36783192,0.48795807,-0.3826301,-0.14074022,-0.12836707,809.0842,807.8755,805.05493,815.5311,774.43225,-0.3035888671875,0.05657958984375,0.95562744140625,1.816864013671875,-2.213134765625,-0.411224365234375,1,2.0,1.0,1.0,2.0,95.00
2023-02-22 11:36:00.237,0.40052298,1.3749937,1.4784342,0.21283147,0.3336425,1.0096585,0.7727572,0.14111112,0.5388603,1.0486748,0.31880718,0.43486598,0.70317936,0.04813255,0.02899592,0.55406094,0.44122723,-0.54265094,-0.14074022,0.0067180884,763.1502,788.93774,789.34064,763.95605,764.35895,-0.30987548828125,0.05340576171875,0.95489501953125,1.83929443359375,-3.289794921875,-0.418701171875,1,1.0,1.0,1.0,1.0,95.00
2023-02-22 11:36:01.261,0.9687159,1.4245903,1.4784342,0.508201,0.66122156,1.090784,0.7727572,0.06323804,0.67365414,1.0486748,0.31880718,0.4349154,0.8357053,0.08411707,0.02899592,0.5949658,0.5039861,-0.56894857,-0.14074022,0.11569503,809.0842,805.4579,805.8608,819.5604,758.315,-0.3099365234375,0.05609130859375,0.9560546875,0.59814453125,-5.0543212890625,-1.15142822265625,1,1.0,1.0,1.0,1.0,95.00
2023-02-22 11:36:02.263,1.2350675,1.4058759,1.4784342,0.57016635,0.8171765,0.89064145,0.7727572,0.04676199,0.6278129,0.9399148,0.31880718,0.43313858,0.8138248,0.04866576,0.02899592,0.5702315,0.38897747,-0.57318014,-0.14074022,0.2295964,808.68134,827.619,825.2015,825.2015,741.39197,-0.30810546875,0.05279541015625,0.95220947265625,1.727142333984375,-2.998199462890625,-0.366363525390625,1,1.0,1.0,1.0,1.0,95.00
2023-02-22 11:36:03.272,1.2350675,1.4058759,1.4784342,1.5483992,0.8171765,0.89064145,0.7727572,0.88771456,0.6278129,0.9399148,0.31880718,0.5736604,0.8138248,0.04866576,0.02899592,0.74219114,0.38897747,-0.57318014,-0.14074022,0.10346491,804.65204,788.5348,809.4872,806.26373,710.7692,-0.3148193359375,0.058349609375,0.95574951171875,1.74957275390625,-5.57769775390625,-1.06170654296875,1,1.0,1.0,1.0,1.0,95.00
2023-02-22 11:36:04.291,1.2350675,1.4058759,1.4784342,1.5483992,0.8171765,0.89064145,0.7727572,0.88771456,0.6278129,0.9399148,0.31880718,0.5736604,0.8138248,0.04866576,0.02899592,0.74219114,0.38897747,-0.57318014,-0.14074022,0.10346491,774.0293,785.31134,716.4103,786.1172,1078.6447,-0.32598876953125,0.06512451171875,0.95001220703125,1.09161376953125,-6.6094970703125,-1.562652587890625,1,1.0,1.0,1.0,1.0,95.00
2023-02-22 11:36:05.299,1.2350675,1.4058759,1.4784342,1.5483992,0.8171765,0.89064145,0.7727572,0.88771456,0.6278129,0.9399148,0.31880718,0.5736604,0.8138248,0.04866576,0.02899592,0.74219114,0.38897747,-0.57318014,-0.14074022,0.10346491,824.3956,839.304,820.3663,834.0659,720.84247,-0.31488037109375,0.0626220703125,0.95159912109375,3.0206298828125,-0.231781005859375,-0.321502685546875,1,2.0,1.0,1.0,2.0,95.00
2023-02-22 11:36:06.302,1.2350675,1.4058759,1.4784342,1.5483992,0.8171765,0.89064145,0.7727572,0.88771456,0.6278129,0.9399148,0.31880718,0.5736604,0.8138248,0.04866576,0.02899592,0.74219114,0.38897747,-0.57318014,-0.14074022,0.10346491,797.3993,833.663,813.5165,790.14655,765.16486,-0.31390380859375,0.058837890625,0.951171875,2.908477783203125,0.46356201171875,0.785064697265625,1,2.0,1.0,1.0,2.0,95.00
2023-02-22 11:36:07.304,0.8800531,1.4058759,1.4784342,0.77225846,0.33796963,0.89064145,0.7727572,0.25843838,0.8673678,0.9399148,0.31880718,0.55344385,0.9433861,0.04866576,0.02899592,0.52633595,0.38952106,-0.57318014,-0.14074022,0.4200757,799.011,781.28204,816.337,813.1135,752.674,-0.30230712890625,0.0499267578125,0.9556884765625,1.712188720703125,-3.93280029296875,-2.10845947265625,1,1.0,1.0,1.0,1.0,95.00
2023-02-22 11:36:08.308,0.7212968,1.4058759,1.4784342,0.8169998,0.27776557,0.89064145,0.7727572,0.19840528,0.85750073,0.9399148,0.31880718,0.7809593,0.8018311,0.04866576,0.02899592,0.5890423,0.4150885,-0.57318014,-0.14074022,0.28474426,827.2161,776.04395,822.7839,844.94507,752.27106,-0.30633544921875,0.05096435546875,0.9547119140625,0.485992431640625,-6.20574951171875,-2.983245849609375,1,1.0,1.0,1.0,1.0,95.00
2023-02-22 11:36:09.309,0.70801955,1.4058759,1.4784342,0.7245886,0.080141634,0.89064145,0.7727572,0.28927436,0.42344674,0.9399148,0.31880718,0.68936855,0.62273467,0.04866576,0.02899592,0.53363734,0.5464035,-0.57318014,-0.14074022,0.123792365,780.87915,779.67035,789.7436,796.1905,730.5128,-0.3162841796875,0.057373046875,0.95257568359375,1.816864013671875,-5.151519775390625,0.0299072265625,1,1.0,1.0,1.0,1.0,95.00
2023-02-22 11:36:10.326,1.0628344,1.4058759,1.4784342,0.59487814,-0.0043193293,0.89064145,0.7727572,0.20747736,0.53420943,0.9399148,0.31880718,0.84966636,0.52980345,0.04866576,0.02899592,0.5474448,0.174281,-0.57318014,-0.14074022,0.25346348,797.8022,762.74725,797.3993,810.293,956.9597,-0.30548095703125,0.04510498046875,0.95703125,1.278533935546875,-3.895416259765625,-1.4056396484375,1,1.0,1.0,1.0,1.0,95.00
2023-02-22 11:36:11.359,0.9606443,1.4058759,1.4784342,0.5692693,0.5769528,0.89064145,0.7727572,-0.01787452,0.6402036,0.9399148,0.31880718,0.81581855,0.46842876,0.04866576,0.02899592,0.52295524,0.21378647,-0.57318014,-0.14074022,0.34671718,823.5897,778.46155,801.4286,828.022,737.3626,-0.30767822265625,0.05169677734375,0.95458984375,0.082244873046875,-8.067474365234375,-2.041168212890625,1,1.0,1.0,1.0,1.0,95.00
2023-02-22 11:36:12.360,0.87432146,1.4058759,1.4784342,0.51163095,0.71483797,0.89064145,0.7727572,-0.12093119,0.6072521,0.9399148,0.31880718,0.4828962,0.40330252,0.04866576,0.02899592,0.43932143,0.25527647,-0.57318014,-0.14074022,0.38497,786.1172,795.78754,790.9524,812.3077,730.5128,-0.32135009765625,0.05584716796875,0.95465087890625,0.46356201171875,-7.476806640625,-1.128997802734375,1,1.0,1.0,1.0,1.0,90.00
2023-02-22 11:36:13.378,0.86295253,1.4058759,1.4784342,1.1508161,0.3309227,0.89064145,0.7727572,0.6871435,0.8693015,0.9399148,0.31880718,0.7915555,0.6319879,0.04866576,0.02899592,0.4965321,0.36040506,-0.57318014,-0.14074022,0.39034718,820.7692,830.84247,828.022,826.4103,756.7033,-0.30328369140625,0.05780029296875,0.9552001953125,1.86920166015625,-2.6617431640625,-0.16448974609375,1,1.0,1.0,1.0,1.0,90.00
2023-02-22 11:36:14.389,1.0773088,1.4058759,1.3159927,1.3516892,0.52548826,0.89064145,0.85725707,0.916711,0.7779077,0.9399148,0.44143966,0.8077948,0.75319415,0.04866576,-0.20738576,0.52124745,0.45870852,-0.57318014,-0.5024797,0.3990325,829.6337,800.2198,799.011,823.9927,788.5348,-0.308349609375,0.05291748046875,0.955078125,1.831817626953125,-4.000091552734375,-0.76263427734375,1,1.0,1.0,1.0,1.0,90.00
2023-02-22 11:36:15.392,1.0773088,1.4058759,1.2959489,1.4922334,0.52548826,0.89064145,0.696822,1.0075415,0.7779077,0.9399148,0.3685243,0.8077948,0.75319415,0.04866576,-0.26147538,0.54933524,0.45870852,-0.57318014,-0.4651427,0.3774061,800.6227,831.6484,799.81683,792.5641,725.2747,-0.319580078125,0.05072021484375,0.9501953125,1.697235107421875,-8.471221923828125,-1.757049560546875,1,1.0,1.0,1.0,1.0,90.00
2023-02-22 11:36:16.397,1.0773088,1.4205909,1.3100122,1.4922334,0.52548826,1.3409588,0.6323125,1.0075415,0.7779077,0.86455464,0.29884174,0.8077948,0.75319415,0.34376958,-0.26366073,0.54933524,0.45870852,-0.3203375,-0.4445079,0.3774061,796.5934,824.7985,813.1135,813.1135,751.4652,-0.33673095703125,0.06170654296875,0.946533203125,1.80938720703125,-4.47113037109375,-1.487884521484375,1,2.0,1.0,1.0,2.0,90.00
2023-02-22 11:36:17.401,1.0773088,1.4459552,1.3100122,1.4922334,0.52548826,1.4964211,0.6323125,1.0075415,0.7779077,0.8163983,0.29884174,0.8077948,0.75319415,0.41689324,-0.26366073,0.54933524,0.45870852,-0.42736477,-0.4445079,0.3774061,801.4286,796.5934,784.90845,817.1429,776.8498,-0.33990478515625,0.061279296875,0.94683837890625,2.1234130859375,-1.48040771484375,-1.039276123046875,1,2.0,1.0,1.0,2.0,90.00
2023-02-22 11:36:18.419,1.0773088,1.4459552,1.3100122,1.4922334,0.52548826,1.4964211,0.6323125,1.0075415,0.7779077,0.8163983,0.29884174,0.8077948,0.75319415,0.41689324,-0.26366073,0.54933524,0.45870852,-0.42736477,-0.4445079,0.3774061,805.8608,810.293,796.99634,801.02563,721.2454,-0.3255615234375,0.059326171875,0.94842529296875,2.2430419921875,1.6748046875,-1.60003662109375,1,2.0,1.0,1.0,2.0,90.00
2023-02-22 11:36:19.424,1.0773088,1.4459552,1.3100122,1.4922334,0.52548826,1.4964211,0.6323125,1.0075415,0.7779077,0.8163983,0.29884174,0.8077948,0.75319415,0.41689324,-0.26366073,0.54933524,0.45870852,-0.42736477,-0.4445079,0.3774061,788.93774,796.1905,810.696,817.9487,834.4689,-0.330810546875,0.065673828125,0.945556640625,4.05242919921875,-0.95703125,1.024322509765625,1,2.0,1.0,1.0,2.0,90.00
2023-02-22 11:36:20.430,1.0773088,1.4459552,1.3100122,1.079662,0.52548826,1.4964211,0.6323125,0.29045302,0.7779077,0.8163983,0.29884174,0.6013454,0.75319415,0.41689324,-0.26366073,0.5909967,0.45870852,-0.42736477,-0.4445079,0.24232285,805.05493,815.5311,807.0696,809.4872,816.337,-0.3349609375,0.06756591796875,0.95147705078125,1.016845703125,-4.964599609375,-0.35888671875,1,1.0,1.0,1.0,1.0,90.00
2023-02-22 11:36:21.442,1.0773088,1.4459552,1.3100122,0.61579204,0.52548826,1.4964211,0.6323125,0.12683813,0.7779077,0.8163983,0.29884174,0.26120034,0.75319415,0.41689324,-0.26366073,0.622086,0.45870852,-0.42736477,-0.4445079,0.29225215,808.2784,786.1172,826.0073,819.15753,769.59705,-0.3240966796875,0.06036376953125,0.94171142578125,0.770111083984375,-6.4599609375,-1.682281494140625,1,1.0,1.0,1.0,1.0,90.00
2023-02-22 11:36:22.467,0.5385197,0.96310675,1.3100122,0.40011466,0.27448526,0.92196304,0.6323125,-0.08768481,0.5756049,0.85375744,0.29884174,0.6441195,0.45593563,0.0871759,-0.26366073,0.63737386,0.23571792,-0.63635516,-0.4445079,0.18172717,823.1868,779.67035,773.22345,808.68134,759.12085,-0.3167724609375,0.06390380859375,0.94866943359375,1.8243408203125,-2.594451904296875,-0.179443359375,1,1.0,1.0,1.0,1.0,75.00
2023-02-22 11:36:23.503,0.6001629,1.1921809,1.3100122,0.63909894,0.34306985,0.93302685,0.6323125,0.21156265,0.60656244,0.9019613,0.29884174,0.64808625,0.5596983,0.25271487,-0.26366073,0.59315133,0.20565267,-0.5762856,-0.4445079,0.21327624,805.05493,781.28204,770.40295,794.17584,822.7839,-0.3173828125,0.05596923828125,0.9534912109375,1.966400146484375,-2.79632568359375,-0.67291259765625,1,1.0,1.0,1.0,1.0,75.00
2023-02-22 11:36:24.511,0.5873451,1.403099,1.3100122,0.2920086,0.47200787,0.7812834,0.6323125,0.13786407,0.60419196,0.6392742,0.29884174,0.42846337,0.66029143,0.30869773,-0.26366073,0.555345,0.13071671,-0.54741937,-0.4445079,0.5606026,830.4396,798.60803,833.2601,819.9634,858.6447,-0.32525634765625,0.05450439453125,0.9549560546875,-0.231781005859375,-7.050628662109375,-1.42059326171875,1,1.0,1.0,1.0,1.0,75.00
2023-02-22 11:36:25.527,1.1059077,1.403099,1.3100122,0.5444338,0.46653244,0.7812834,0.6323125,0.19634606,0.5955685,0.6392742,0.29884174,0.691817,0.5706589,0.30869773,-0.26366073,0.52359253,0.18918896,-0.54741937,-0.4445079,0.38928998,821.5751,806.6667,799.41394,816.7399,604.3956,-0.32098388671875,0.05853271484375,0.95147705078125,0.538330078125,-8.41888427734375,-0.665435791015625,1,1.0,1.0,1.0,1.0,75.00
2023-02-22 11:36:26.534,1.2411572,1.403099,1.3100122,0.761375,0.6788377,0.7812834,0.6323125,0.5778914,0.3887675,0.6392742,0.29884174,0.6915996,0.6286358,0.30869773,-0.26366073,0.4277054,0.16078968,-0.54741937,-0.4445079,0.15307502,812.3077,830.84247,805.05493,817.5458,752.27106,-0.3182373046875,0.0570068359375,0.9503173828125,1.33087158203125,-2.91595458984375,-1.4056396484375,1,1.0,1.0,1.0,1.0,75.00
2023-02-22 11:36:27.542,0.9851041,1.403099,1.3100122,0.6787591,0.3905031,0.7812834,0.6323125,0.21428806,0.636206,0.6392742,0.29884174,0.55606604,0.6057856,0.30869773,-0.26366073,0.34474382,0.31584075,-0.54741937,-0.4445079,0.15208967,780.87915,814.3223,799.81683,805.05493,882.8205,-0.3262939453125,0.0543212890625,0.9500732421875,1.891632080078125,-3.102874755859375,-0.889739990234375,1,1.0,1.0,1.0,1.0,75.00
2023-02-22 11:36:28.549,0.9008365,1.403099,1.3100122,0.7162351,0.3742675,0.7812834,0.6323125,-0.15448914,0.636206,0.6392742,0.29884174,0.324976,0.61714154,0.30869773,-0.26366073,0.42136586,0.3555485,-0.54741937,-0.4445079,0.17653319,802.23444,828.022,803.8461,815.12823,714.3956,-0.3221435546875,0.0552978515625,0.95123291015625,1.07666015625,-3.880462646484375,-1.39068603515625,1,1.0,1.0,1.0,1.0,75.00
2023-02-22 11:36:29.568,0.9008365,1.403099,1.3100122,0.33997923,0.3742675,0.7812834,0.6323125,0.18734182,0.636206,0.6392742,0.29884174,0.73634374,0.61714154,0.30869773,-0.26366073,0.6031518,0.3555485,-0.54741937,-0.4445079,0.1917355,777.6557,759.12085,793.7729,782.49084,671.28204,-0.30963134765625,0.050048828125,0.94970703125,2.1832275390625,-4.6954345703125,-0.471038818359375,1,1.0,1.0,1.0,1.0,75.00
2023-02-22 11:36:30.581,1.4091965,1.1278931,1.6479545,0.8310164,0.8753092,1.383368,0.9961806,0.691113,0.70012194,1.02086,0.5532639,0.6385743,0.69674224,0.12232283,-0.06878426,0.5869195,0.3552838,-0.34637153,-0.42147976,0.06838929,783.2967,810.696,808.68134,782.8938,713.9927,-0.33233642578125,0.05706787109375,0.94879150390625,0.9869384765625,-4.194488525390625,-1.218719482421875,1,1.0,1.0,1.0,1.0,75.00
2023-02-22 11:36:31.594,1.5044366,1.1278931,1.6479545,1.125984,0.8532771,1.383368,0.9961806,0.8996482,0.92746913,1.02086,0.5532639,0.72154254,0.78951955,0.12232283,-0.06878426,0.6067053,0.41670352,-0.34637153,-0.42147976,0.17664258,814.7253,794.9817,796.1905,827.619,738.5714,-0.33367919921875,0.0572509765625,0.9427490234375,0.61309814453125,-7.835693359375,-0.777587890625,1,1.0,1.0,1.0,1.0,75.00
2023-02-22 11:36:32.634,0.97322303,1.1278931,1.6479545,0.8130381,0.67860776,1.383368,0.9961806,0.67338145,0.58791614,1.02086,0.5532639,0.65809494,0.76496994,0.12232283,-0.06878426,0.47386822,0.57315123,-0.34637153,-0.42147976,0.22207877,777.25275,836.08057,855.42126,793.36993,765.16486,-0.33111572265625,0.0653076171875,0.943603515625,1.92901611328125,-3.15521240234375,-0.994415283203125,1,1.0,1.0,1.0,1.0,75.00
2023-02-22 11:36:33.668,1.2711828,1.1278931,1.6479545,0.9498078,0.8596687,1.383368,0.9961806,0.75573504,1.0710626,1.02086,0.5532639,0.88975424,0.6820931,0.12232283,-0.06878426,0.6107523,0.3836139,-0.34637153,-0.42147976,0.42018965,821.1722,832.8571,800.6227,817.9487,749.45056,-0.31048583984375,0.05694580078125,0.95306396484375,1.323394775390625,-3.476715087890625,-0.897216796875,1,1.0,1.0,1.0,1.0,90.00
2023-02-22 11:36:34.677,1.240217,1.1278931,1.6479545,0.9425181,0.72472656,1.383368,0.9961806,0.78917944,0.7013274,1.02086,0.5532639,0.68412143,0.57222104,0.12232283,-0.06878426,0.6275179,0.37345463,-0.34637153,-0.42147976,0.52563965,788.1319,769.19415,796.5934,792.5641,713.1868,-0.304443359375,0.059814453125,0.95458984375,1.71966552734375,-3.69354248046875,-0.052337646484375,1,1.0,1.0,1.0,1.0,90.00
2023-02-22 11:36:35.706,1.240217,1.6319073,1.6479545,1.1465956,0.72472656,1.1912124,0.9961806,0.6279814,0.7013274,0.9770019,0.5532639,0.61204445,0.57222104,-0.016385134,-0.06878426,0.5385493,0.37345463,-0.3062515,-0.42147976,0.49392128,809.4872,825.2015,791.3553,797.8022,705.9341,-0.32470703125,0.0584716796875,0.9483642578125,0.919647216796875,-3.431854248046875,-0.3887939453125,1,1.0,1.0,1.0,1.0,90.00
2023-02-22 11:36:36.737,1.240217,1.6319073,1.3961449,1.1587142,0.72472656,1.1912124,1.0924712,0.5974502,0.7013274,0.9770019,0.1759112,0.61204445,0.57222104,-0.016385134,0.039237373,0.5567273,0.37345463,-0.3062515,-0.12475938,0.509844,819.15753,763.5531,762.74725,824.7985,852.1978,-0.3134765625,0.06072998046875,0.9542236328125,1.966400146484375,-3.536529541015625,-1.203765869140625,1,1.0,1.0,1.0,1.0,90.00
2023-02-22 11:36:37.753,0.15082155,1.6319073,1.4084142,0.6981311,0.11687071,1.1912124,1.0439453,0.3867517,0.73844206,0.9770019,0.16268407,0.92680216,0.5608833,-0.016385134,-0.010872649,0.73867303,0.39474094,-0.3062515,-0.12965155,0.08245727,795.38464,871.13556,842.52747,804.65204,816.7399,-0.3226318359375,0.06121826171875,0.95330810546875,1.233673095703125,-3.33465576171875,-1.443023681640625,1,1.0,1.0,1.0,1.0,90.00
2023-02-22 11:36:38.771,1.0537195,1.6319073,1.4084142,0.71627146,0.44239902,1.1912124,1.0439453,0.42176414,0.9449779,0.9770019,0.16268407,0.99984014,0.6037084,-0.016385134,-0.010872649,0.71697545,0.36067876,-0.3062515,-0.12965155,0.112354964,796.1905,770.0,741.39197,803.44324,975.4945,-0.31951904296875,0.0609130859375,0.9471435546875,1.801910400390625,-3.6785888671875,-1.2261962890625,1,1.0,1.0,1.0,1.0,90.00
2023-02-22 11:36:39.781,1.1753222,1.6319073,1.4084142,0.94052744,0.4766351,1.1912124,1.0439453,0.64127606,0.9424975,0.9770019,0.16268407,0.5479449,0.6735563,-0.016385134,-0.010872649,0.42022124,0.2528823,-0.3062515,-0.12965155,0.28030762,795.38464,775.64105,770.80585,808.2784,705.9341,-0.3199462890625,0.06219482421875,0.9481201171875,1.6448974609375,-3.940277099609375,-0.904693603515625,1,1.0,1.0,1.0,1.0,90.00
2023-02-22 11:36:40.789,1.1753222,1.6319073,1.4084142,1.1091342,0.4766351,1.1912124,1.0439453,0.6627416,0.9424975,0.9770019,0.16268407,0.54394984,0.6735563,-0.016385134,-0.010872649,0.58990127,0.2528823,-0.3062515,-0.12965155,0.38086337,814.7253,808.68134,844.1392,817.5458,763.95605,-0.33123779296875,0.05792236328125,0.94970703125,1.5252685546875,-2.91595458984375,-0.620574951171875,1,1.0,1.0,1.0,1.0,90.00
2023-02-22 11:36:41.793,1.1162986,0.9422033,1.4084142,1.0414251,0.7188078,1.035449,1.0439453,0.5226422,0.77157384,0.66485876,0.16268407,0.68931687,0.793068,0.24975786,-0.010872649,0.6243126,0.42440763,-0.23026697,-0.12965155,0.2801291,813.1135,814.3223,805.8608,798.20514,853.8095,-0.32757568359375,0.0615234375,0.9508056640625,1.24114990234375,-4.717864990234375,-1.188812255859375,1,1.0,1.0,1.0,1.0,90.00
2023-02-22 11:36:42.819,0.7343946,1.2635442,1.4084142,0.671284,0.44692448,0.92839694,1.0439453,0.50781834,0.5989493,0.69126457,0.16268407,0.60655785,0.62898844,0.2462284,-0.010872649,0.43791005,0.33492383,-0.33427882,-0.12965155,0.03872767,772.01465,795.38464,806.6667,770.0,684.9817,-0.32794189453125,0.060302734375,0.94635009765625,1.30096435546875,-4.0374755859375,-0.142059326171875,1,1.0,1.0,1.0,1.0,90.00
2023-02-22 11:36:43.838,0.5123681,1.3613894,1.4084142,0.21647316,0.23835655,1.1826856,1.0439453,0.28947324,0.39050838,0.8992194,0.16268407,-0.24459754,0.53848016,0.058589764,-0.010872649,0.45176917,0.31531122,-0.42273694,-0.12965155,0.12716432,805.4579,821.1722,807.8755,796.99634,768.3883,-0.32891845703125,0.05987548828125,0.94805908203125,1.323394775390625,-4.702911376953125,-1.099090576171875,1,1.0,1.0,1.0,1.0,90.00
2023-02-22 11:36:44.853,0.74467707,1.3183886,1.4084142,0.55205756,0.18310565,1.0844514,1.0439453,-0.07959313,0.7044715,1.012474,0.16268407,0.45642114,0.51255965,0.05108218,-0.010872649,0.44574726,0.3841671,-0.39109385,-0.12965155,0.051659033,812.71063,775.64105,804.65204,815.12823,705.12823,-0.301025390625,0.04266357421875,0.94830322265625,2.27294921875,-8.635711669921875,-2.295379638671875,1,1.0,1.0,1.0,1.0,90.00
2023-02-22 11:36:45.860,0.6284198,1.2728766,1.4084142,0.7213597,0.37909666,1.1107665,1.0439453,0.11785717,0.78978074,0.97347665,0.16268407,0.44813186,0.47304985,0.2612586,-0.010872649,0.37183195,0.24294549,-0.40369818,-0.12965155,0.113857746,779.2674,795.38464,801.4286,774.83514,668.46155,-0.3011474609375,0.03729248046875,0.95782470703125,2.7813720703125,-4.4561767578125,-1.099090576171875,1,1.0,1.0,1.0,1.0,90.00
2023-02-22 11:36:46.869,1.1081463,1.2728766,1.4084142,0.5658649,0.28526562,1.1107665,1.0439453,0.48273677,0.5920936,0.97347665,0.16268407,0.4083807,0.73115194,0.2612586,-0.010872649,0.44812387,0.43721157,-0.40369818,-0.12965155,0.040219404,808.68134,775.64105,786.52014,809.89014,775.64105,-0.299560546875,0.05303955078125,0.95648193359375,0.8673095703125,-8.246917724609375,-1.383209228515625,1,1.0,1.0,1.0,1.0,90.00
2023-02-22 11:36:47.888,1.2685518,1.2728766,1.4084142,1.0210238,0.3197211,1.1107665,1.0439453,0.7609058,0.606183,0.97347665,0.16268407,0.7169822,0.80620116,0.2612586,-0.010872649,0.48244756,0.49422184,-0.40369818,-0.12965155,0.18124771,825.6044,825.6044,840.5128,802.6374,819.9634,-0.32342529296875,0.06390380859375,0.94921875,1.18133544921875,-3.887939453125,-1.951446533203125,1,1.0,1.0,1.0,1.0,90.00
2023-02-22 11:36:48,,,,,,,,,,,,,,,,,,,,,,,,,,,,,,,,,,,,,,/muse/elements/blink
2023-02-22 11:36:48.904,0.1826786,1.2728766,1.4084142,0.9274292,0.21271132,1.1107665,1.0439453,0.39965776,0.68754834,0.97347665,0.16268407,0.72597027,0.6819404,0.2612586,-0.010872649,0.58922887,0.53730583,-0.40369818,-0.12965155,0.322772,805.8608,818.3516,807.0696,795.78754,711.1722,-0.319580078125,0.06158447265625,0.95538330078125,1.801910400390625,-5.7122802734375,-1.5252685546875,1,1.0,1.0,1.0,1.0,90.00
2023-02-22 11:36:49.908,0.42078096,1.2728766,1.4084142,1.0974853,0.32338884,1.1107665,1.0439453,0.51920563,0.66843706,0.97347665,0.16268407,0.6485558,0.6069489,0.2612586,-0.010872649,0.62839717,0.48939168,-0.40369818,-0.12965155,0.28955927,817.9487,876.77655,818.7546,808.2784,740.18317,-0.32269287109375,0.055908203125,0.951171875,1.682281494140625,-2.9010009765625,-0.95703125,1,1.0,1.0,1.0,1.0,90.00
2023-02-22 11:36:50.910,0.7227451,1.2728766,1.4084142,1.1909311,0.44536686,1.1107665,1.0439453,0.66957563,0.78785396,0.97347665,0.16268407,0.6452761,0.87864685,0.2612586,-0.010872649,0.60367537,0.42929304,-0.40369818,-0.12965155,0.3546361,782.0879,763.5531,748.24176,792.5641,750.2564,-0.3121337890625,0.056640625,0.9527587890625,1.009368896484375,-4.88983154296875,-1.12152099609375,1,1.0,1.0,1.0,1.0,90.00
2023-02-22 11:36:51.925,0.9278689,1.2728766,1.4084142,1.3013282,0.61501276,1.1107665,1.0439453,0.82730794,0.7830513,0.97347665,0.16268407,0.80086577,0.8835412,0.2612586,-0.010872649,0.70945185,0.47109923,-0.40369818,-0.12965155,0.28619707,847.3626,792.5641,837.28937,823.9927,785.31134,-0.31121826171875,0.06097412109375,0.9510498046875,1.95892333984375,-4.224395751953125,-1.069183349609375,1,1.0,1.0,1.0,1.0,90.00
2023-02-22 11:36:52.934,0.9278689,1.2728766,1.4084142,1.0377718,0.61501276,1.1107665,1.0439453,0.6053663,0.7830513,0.97347665,0.16268407,0.57811284,0.8835412,0.2612586,-0.010872649,0.74249136,0.47109923,-0.40369818,-0.12965155,0.40415996,788.5348,819.15753,830.0366,794.17584,726.4835,-0.32183837890625,0.064697265625,0.9439697265625,1.413116455078125,-2.75146484375,-0.6878662109375,1,1.0,1.0,1.0,1.0,90.00
2023-02-22 11:36:53.938,0.9278689,1.2728766,1.3119532,1.1907841,0.61501276,1.1107665,1.0782248,0.6726701,0.7830513,0.97347665,0.489196,0.51032233,0.8835412,0.2612586,-0.0014600297,0.75046235,0.47109923,-0.40369818,-0.46365073,0.43924522,802.23444,796.99634,798.60803,801.8315,696.6667,-0.32843017578125,0.06793212890625,0.94866943359375,1.547698974609375,-3.491668701171875,-0.994415283203125,1,1.0,1.0,1.0,1.0,90.00
2023-02-22 11:36:54.965,0.4299228,1.3150156,1.403754,0.49558833,-0.2229655,1.1045301,0.8770303,0.3905512,0.48312488,0.75471944,0.3204326,0.56212866,0.6429496,-0.052596997,-0.114301704,0.52098334,0.5498914,-0.38920426,-0.52701294,0.1506255,721.2454,796.99634,800.6227,749.85345,712.381,-0.31640625,0.05560302734375,0.9520263671875,1.861724853515625,-4.044952392578125,-1.457977294921875,1,1.0,1.0,1.0,1.0,90.00
2023-02-22 11:36:55,,,,,,,,,,,,,,,,,,,,,,,,,,,,,,,,,,,,,,/muse/elements/blink
2023-02-22 11:36:55.970,0.46482128,1.1498129,1.403754,0.59870857,-0.09898146,1.361315,0.8770303,0.5545531,0.17814621,1.2147678,0.3204326,0.5618343,0.6357161,0.26513594,-0.114301704,0.539677,0.6176151,-0.30519363,-0.52701294,0.050923776,801.8315,801.8315,794.9817,807.8755,678.1319,-0.3170166015625,0.0611572265625,0.9488525390625,1.667327880859375,-3.7982177734375,-0.55328369140625,1,1.0,1.0,1.0,1.0,90.00
2023-02-22 11:36:56.983,0.46482128,1.2782558,1.403754,0.915135,-0.09898146,1.1541989,0.8770303,0.71074796,0.17814621,1.1469012,0.3204326,0.90786004,0.6357161,0.117542796,-0.114301704,0.51534617,0.6176151,-0.40321958,-0.52701294,0.41126052,791.75824,866.7033,795.78754,773.22345,745.0183,-0.31671142578125,0.0609130859375,0.9505615234375,1.68975830078125,-4.14215087890625,-0.67291259765625,1,1.0,1.0,1.0,1.0,90.00
2023-02-22 11:36:57,,,,,,,,,,,,,,,,,,,,,,,,,,,,,,,,,,,,,,/muse/elements/blink
2023-02-22 11:36:57.995,0.46482128,1.4226713,1.403754,0.9620496,-0.09898146,1.2718585,0.8770303,0.7701805,0.17814621,1.1666307,0.3204326,0.9068831,0.6357161,0.3384774,-0.114301704,0.48722854,0.6176151,-0.6008796,-0.52701294,0.3685039,807.47253,797.3993,826.4103,820.3663,851.39197,-0.32806396484375,0.07427978515625,0.9525146484375,1.79443359375,-2.998199462890625,-0.366363525390625,1,1.0,1.0,1.0,1.0,90.00
2023-02-22 11:36:59.004,0.46482128,1.4994206,1.403754,0.9620496,-0.09898146,1.4905764,0.8770303,0.7701805,0.17814621,1.165339,0.3204326,0.9068831,0.6357161,0.53766984,-0.114301704,0.48722854,0.6176151,-0.7970322,-0.52701294,0.3685039,789.7436,808.2784,794.17584,804.2491,734.5421,-0.3238525390625,0.0601806640625,0.9508056640625,1.6448974609375,-4.71038818359375,-0.216827392578125,1,1.0,1.0,1.0,1.0,90.00
2023-02-22 11:37:00.006,0.46482128,1.2197315,1.2658063,1.0174327,-0.09898146,0.8448753,0.81636214,0.13349399,0.17814621,0.62336016,0.45416895,0.4838046,0.6357161,0.073933676,0.10084872,0.43510884,0.6176151,-0.24974953,0.10193177,0.44445512,799.011,952.52747,793.7729,772.01465,766.77655,-0.3128662109375,0.06463623046875,0.95257568359375,2.2430419921875,-2.534637451171875,-0.64300537109375,1,1.0,1.0,1.0,1.0,90.00
2023-02-22 11:37:01.035,0.46482128,1.1860745,1.2658063,0.99564683,-0.09898146,0.7303869,0.81636214,0.12487615,0.17814621,0.5116853,0.45416895,0.4068974,0.6357161,0.08703766,0.10084872,0.40741387,0.6176151,-0.25062624,0.10193177,0.46144703,787.72894,733.73627,803.8461,799.81683,757.1062,-0.32330322265625,0.0712890625,0.953125,2.0037841796875,-3.581390380859375,-0.40374755859375,1,1.0,1.0,1.0,1.0,90.00
2023-02-22 11:37:02.039,1.0880531,1.1860745,1.3630449,1.1735585,1.1534595,0.7303869,0.64198613,0.8213018,0.38042283,0.5116853,0.1396509,0.49984607,0.66265213,0.08703766,-0.015429548,0.6320416,0.35449126,-0.25062624,-0.34761673,0.30261052,798.60803,717.2161,770.80585,812.3077,699.89014,-0.31329345703125,0.06573486328125,0.95233154296875,1.786956787109375,-6.661834716796875,-0.695343017578125,1,1.0,1.0,1.0,1.0,90.00
2023-02-22 11:37:03.053,0.97148293,1.1860745,1.4978226,1.0254928,0.89846045,0.7303869,0.722399,0.63282424,0.49529335,0.5116853,0.1470015,0.5533932,0.56822145,0.08703766,-0.019733876,0.5833511,0.3001832,-0.25062624,-0.29823908,0.35252494,814.7253,882.4176,849.3773,817.1429,825.6044,-0.31884765625,0.07415771484375,0.95159912109375,1.03179931640625,-6.542205810546875,-2.056121826171875,1,1.0,1.0,1.0,1.0,90.00
2023-02-22 11:37:03,,,,,,,,,,,,,,,,,,,,,,,,,,,,,,,,,,,,,,/muse/elements/blink
2023-02-22 11:37:04.059,0.9965562,1.1860745,1.5645539,0.7795501,0.52335554,0.7303869,0.7698344,0.60042065,0.65988404,0.5116853,0.1470015,0.6960636,0.55176824,0.08703766,-0.018208435,0.72952485,0.3041752,-0.25062624,-0.27667066,0.39935824,790.9524,772.01465,761.13556,803.0403,738.5714,-0.31982421875,0.0714111328125,0.94390869140625,1.039276123046875,-8.98712158203125,0.381317138671875,1,1.0,1.0,1.0,1.0,95.00
2023-02-22 11:37:05.063,1.016013,1.1860745,1.5645539,1.0191674,0.55316806,0.7303869,0.7698344,0.096196,0.74135476,0.5116853,0.1470015,0.50101423,0.8446824,0.08703766,-0.018208435,0.581539,0.48116404,-0.25062624,-0.27667066,0.48270395,813.1135,866.30035,838.0952,799.41394,669.67035,-0.325439453125,0.0693359375,0.9451904296875,1.009368896484375,-5.8917236328125,-1.831817626953125,1,1.0,1.0,1.0,1.0,95.00
2023-02-22 11:37:06.077,0.686194,1.1860745,1.5645539,0.87695867,0.40341863,0.7303869,0.7698344,0.31120357,0.9422157,0.5116853,0.1470015,0.9058429,0.89479727,0.08703766,-0.018208435,0.5483102,0.4938761,-0.25062624,-0.27667066,0.3169827,804.2491,832.0513,815.12823,796.5934,784.5055,-0.32940673828125,0.06878662109375,0.95196533203125,1.443023681640625,-5.48797607421875,-1.054229736328125,1,1.0,1.0,1.0,1.0,95.00
2023-02-22 11:37:07.093,0.73427296,1.1860745,1.5645539,0.9515394,0.3428559,0.7303869,0.7698344,0.4755896,0.502514,0.5116853,0.1470015,0.593007,0.7820125,0.08703766,-0.018208435,0.4925576,0.4612828,-0.25062624,-0.27667066,0.27446046,807.47253,799.011,798.60803,802.6374,812.3077,-0.32733154296875,0.0699462890625,0.94317626953125,1.607513427734375,-6.302947998046875,-1.1663818359375,1,1.0,1.0,1.0,1.0,95.00
2023-02-22 11:37:08.119,1.0607252,1.1860745,1.5645539,1.0632882,0.9442453,0.7303869,0.7698344,0.47088847,0.999618,0.5116853,0.1470015,0.31710428,1.0989906,0.08703766,-0.018208435,0.50056535,0.7149203,-0.25062624,-0.27667066,0.35166958,778.0586,832.4542,797.3993,804.65204,826.0073,-0.330322265625,0.069091796875,0.946533203125,0.83740234375,-6.23565673828125,-1.77947998046875,1,1.0,1.0,1.0,1.0,95.00
2023-02-22 11:37:09.133,0.87810504,1.1860745,1.5645539,1.0632882,0.447294,0.7303869,0.7698344,0.47088847,0.35287738,0.5116853,0.1470015,0.31710428,0.8898502,0.08703766,-0.018208435,0.50056535,0.65578353,-0.25062624,-0.27667066,0.35166958,788.93774,812.71063,798.60803,801.4286,834.4689,-0.33123779296875,0.0692138671875,0.9427490234375,1.62994384765625,-4.20196533203125,-0.49346923828125,1,1.0,1.0,1.0,1.0,95.00
2023-02-22 11:37:10.136,0.8273703,1.1860745,1.2144544,1.0632882,0.43438837,0.7303869,0.6411668,0.47088847,0.3651922,0.5116853,0.1447404,0.31710428,0.88750744,0.08703766,-0.1875123,0.50056535,0.61212456,-0.25062624,-0.3356033,0.35166958,798.20514,824.7985,829.6337,801.4286,752.674,-0.3306884765625,0.07275390625,0.9488525390625,0.979461669921875,-5.764617919921875,-0.874786376953125,1,1.0,1.0,1.0,1.0,95.00
2023-02-22 11:37:11.153,0.67396593,1.1860745,1.2573028,0.8726752,0.3720125,0.7303869,0.6639237,0.19197114,0.22944185,0.5116853,0.11574875,0.7934628,0.95500386,0.08703766,-0.21615455,0.6503401,0.52998066,-0.25062624,-0.35531262,0.3336607,817.9487,823.5897,809.89014,808.68134,766.3736,-0.34344482421875,0.06951904296875,0.94512939453125,1.6748046875,-5.031890869140625,-0.5084228515625,1,1.0,1.0,1.0,1.0,95.00
2023-02-22 11:37:12.183,0.18697849,1.1860745,1.2573028,0.8750231,0.36167732,0.7303869,0.6639237,0.2146642,0.39628002,0.5116853,0.11574875,0.85764885,0.73423374,0.08703766,-0.21615455,0.6113859,0.6755507,-0.25062624,-0.35531262,0.4837609,799.011,772.4176,794.17584,807.8755,808.68134,-0.3206787109375,0.06005859375,0.94525146484375,1.03179931640625,-3.27484130859375,-2.056121826171875,1,1.0,1.0,1.0,1.0,95.00
2023-02-22 11:37:13.192,0.24182619,1.1860745,1.2573028,0.053133916,0.24200134,0.7303869,0.6639237,-0.06613153,0.6662161,0.5116853,0.11574875,0.47481185,0.7981143,0.08703766,-0.21615455,0.3657794,0.59004277,-0.25062624,-0.35531262,0.38677913,821.978,796.99634,794.9817,816.337,761.13556,-0.32611083984375,0.06536865234375,0.94281005859375,1.383209228515625,-3.81317138671875,-0.67291259765625,1,1.0,1.0,1.0,1.0,95.00
2023-02-22 11:37:14.197,0.728113,1.1860745,1.2573028,-0.0018810297,0.16229278,0.7303869,0.6639237,-0.41063282,0.50092167,0.5116853,0.11574875,-0.04129782,0.7386965,0.08703766,-0.21615455,0.30028382,0.27314883,-0.25062624,-0.35531262,0.07677945,794.9817,768.3883,779.67035,805.05493,769.59705,-0.33172607421875,0.064208984375,0.94476318359375,0.35888671875,-0.291595458984375,1.06170654296875,1,1.0,1.0,1.0,1.0,95.00
2023-02-22 11:37:15.205,0.63363147,1.1860745,1.2573028,0.60941744,0.21111284,0.7303869,0.6639237,0.053977884,0.64818746,0.5116853,0.11574875,0.2695554,0.46288288,0.08703766,-0.21615455,0.5923405,0.14233904,-0.25062624,-0.35531262,0.28482065,803.0403,805.4579,828.022,795.78754,792.5641,-0.33856201171875,0.06829833984375,0.9395751953125,1.89910888671875,-1.00189208984375,-0.3887939453125,1,1.0,1.0,1.0,1.0,95.00
2023-02-22 11:37:16.235,1.051056,1.1860745,1.332324,0.79170275,0.4233548,0.7303869,0.46912998,0.2162349,0.8466854,0.5116853,0.17172678,0.5141763,0.59312844,0.08703766,0.035919324,0.51005346,0.1982773,-0.25062624,-0.33158734,0.19533889,790.14655,797.3993,794.9817,816.7399,716.4103,-0.3299560546875,0.06341552734375,0.9434814453125,0.964508056640625,-7.783355712890625,-1.069183349609375,1,1.0,1.0,1.0,1.0,95.00
2023-02-22 11:37:17.241,1.355195,1.1860745,1.3707078,0.70344645,0.6067099,0.7303869,0.47426724,0.46829814,0.9469698,0.5116853,0.19164239,0.6871771,0.6248389,0.08703766,-0.03777816,0.5192566,0.16357678,-0.25062624,-0.3759289,0.31987032,780.87915,728.9011,775.64105,800.6227,770.40295,-0.3140869140625,0.0654296875,0.94769287109375,1.398162841796875,-2.88604736328125,-0.934600830078125,1,1.0,1.0,1.0,1.0,95.00
2023-02-22 11:37:18.243,1.5715477,1.1860745,1.3294677,0.691264,0.5240156,0.7303869,0.44830364,0.54872334,0.57228976,0.5116853,-0.097930826,0.640533,0.76612914,0.08703766,0.006587463,0.5092318,0.30636612,-0.25062624,-0.4758934,0.25034997,784.5055,751.4652,778.86444,814.7253,1000.4762,-0.31719970703125,0.068359375,0.953369140625,2.5421142578125,0.7476806640625,-1.622467041015625,1,1.0,1.0,1.0,1.0,95.00
2023-02-22 11:37:18,,,,,,,,,,,,,,,,,,,,,,,,,,,,,,,,,,,,,,/muse/elements/blink
2023-02-22 11:37:19.259,1.5325209,1.1860745,1.3294677,0.8059036,0.67186755,0.7303869,0.44830364,0.25342408,0.72923404,0.5116853,-0.097930826,0.47127196,0.719086,0.08703766,0.006587463,0.52179015,0.32673633,-0.25062624,-0.4758934,0.1699909,823.9927,713.5897,785.31134,850.18317,722.8571,-0.3179931640625,0.0645751953125,0.948974609375,1.607513427734375,-3.955230712890625,-0.2093505859375,1,1.0,1.0,1.0,1.0,95.00
2023-02-22 11:37:20.272,1.5325209,1.1860745,1.3294677,0.8059036,0.67186755,0.7303869,0.44830364,0.25342408,0.72923404,0.5116853,-0.097930826,0.47127196,0.719086,0.08703766,0.006587463,0.52179015,0.32673633,-0.25062624,-0.4758934,0.1699909,817.9487,765.9707,814.3223,807.0696,703.1135,-0.322265625,0.0577392578125,0.9482421875,2.818756103515625,1.323394775390625,-0.471038818359375,1,1.0,1.0,1.0,1.0,95.00
2023-02-22 11:37:21.287,1.5729328,1.1860745,1.3649412,1.2943548,1.1284105,0.7303869,0.92049986,0.8048613,1.0353452,0.5116853,0.13888599,0.96955407,0.78648454,0.08703766,-0.11309087,0.7273144,0.57014704,-0.25062624,-0.37220648,0.41030455,803.0403,804.2491,813.1135,821.978,921.9048,-0.34033203125,0.07275390625,0.94573974609375,2.37762451171875,0.485992431640625,-1.084136962890625,1,1.0,1.0,1.0,1.0,95.00
2023-02-22 11:37:22.310,1.2399828,1.1860745,1.4124722,1.431168,0.8725607,0.7303869,0.73526317,0.8213847,0.95374775,0.5116853,0.33022153,0.9697718,0.81717145,0.08703766,-0.010106478,0.7620106,0.3628653,-0.25062624,-0.3140395,0.31213194,808.2784,817.9487,792.5641,810.696,773.6264,-0.336669921875,0.070556640625,0.9442138671875,1.338348388671875,-3.72344970703125,-0.76263427734375,1,1.0,1.0,1.0,1.0,95.00
2023-02-22 11:37:23.340,0.9185087,1.1860745,1.4285,1.2949698,0.71934503,0.7303869,0.2517634,0.6102611,0.48167878,0.5116853,0.24791281,1.055367,0.7044824,0.08703766,0.030332133,0.6171628,-0.1123736,-0.25062624,-0.19583853,0.3931861,797.8022,809.4872,806.6667,813.1135,627.3626,-0.34259033203125,0.07177734375,0.9434814453125,1.86920166015625,-4.224395751953125,-0.46356201171875,1,1.0,1.0,1.0,1.0,95.00
2023-02-22 11:37:24.352,0.9185087,1.1860745,1.4285,1.0673907,0.71934503,0.7303869,0.2517634,0.46586266,0.48167878,0.5116853,0.24791281,1.033198,0.7044824,0.08703766,0.030332133,0.5242796,-0.1123736,-0.25062624,-0.19583853,0.52036554,796.99634,793.36993,795.78754,807.8755,1063.3334,-0.34954833984375,0.07183837890625,0.93682861328125,1.03179931640625,-6.527252197265625,-1.7047119140625,1,1.0,1.0,1.0,1.0,95.00
2023-02-22 11:37:25.364,0.9185087,1.1860745,1.5844063,0.7093421,0.71934503,0.7303869,0.31723464,0.37183547,0.48167878,0.5116853,0.25641042,0.63272774,0.7044824,0.08703766,-0.046009608,0.4429714,-0.1123736,-0.25062624,-0.19760615,0.4512944,810.696,765.9707,797.3993,802.6374,788.1319,-0.33502197265625,0.0714111328125,0.93927001953125,1.07666015625,-4.299163818359375,-0.680389404296875,1,1.0,1.0,1.0,1.0,90.00
2023-02-22 11:37:26.383,0.8557017,1.1860745,1.4595556,0.8805023,0.22445382,0.7303869,0.4241096,0.25421038,0.6094216,0.5116853,0.2359213,0.46233627,0.7477883,0.08703766,-0.08688304,0.500708,0.31674004,-0.25062624,-0.30093667,0.33548564,822.7839,843.3333,806.6667,823.9927,744.61536,-0.35345458984375,0.0777587890625,0.9425048828125,2.071075439453125,-3.222503662109375,-1.906585693359375,1,1.0,1.0,1.0,1.0,90.00
2023-02-22 11:37:27.406,1.0891471,1.1860745,1.4861915,0.99865586,0.4697629,0.7303869,0.68180853,0.377784,0.6684187,0.5116853,0.40895355,0.47901055,0.75946397,0.08703766,-0.080351666,0.4034234,0.17118715,-0.25062624,-0.44477367,0.3697929,776.04395,778.46155,800.2198,791.75824,828.022,-0.33477783203125,0.07135009765625,0.9395751953125,1.413116455078125,-4.957122802734375,-0.934600830078125,1,1.0,1.0,1.0,1.0,90.00
2023-02-22 11:37:28.428,0.7331492,1.1860745,1.5165743,0.35788172,0.46502072,0.7303869,0.48494244,0.089729175,0.6599163,0.5116853,0.26896524,0.2868461,0.6299978,0.08703766,-0.10744583,0.2670186,0.27175456,-0.25062624,-0.38466206,0.14344105,770.40295,796.99634,803.0403,794.17584,677.326,-0.35107421875,0.0772705078125,0.93841552734375,1.368255615234375,-3.33465576171875,-0.179443359375,1,1.0,1.0,1.0,1.0,90.00
2023-02-22 11:37:29.438,0.82238275,1.1860745,1.2826152,0.5404818,0.5080307,0.7303869,0.34229848,0.31892878,0.8502507,0.5116853,0.14701918,0.70191646,0.6682903,0.08703766,0.08952436,0.40563446,0.2670035,-0.25062624,-0.35570723,0.15643018,799.011,857.8388,832.0513,812.71063,709.5604,-0.3531494140625,0.081298828125,0.9405517578125,1.727142333984375,-5.465545654296875,-1.79443359375,1,1.0,1.0,1.0,1.0,90.00
2023-02-22 11:37:30.452,1.100513,1.1860745,1.4107995,1.1432973,0.49869332,0.7303869,0.4832983,0.4600565,0.87444675,0.5116853,0.13320161,0.7246533,0.7256807,0.08703766,-0.03344375,0.49254403,0.31682315,-0.25062624,-0.3965576,0.3355633,803.44324,786.1172,801.4286,810.293,724.4689,-0.3524169921875,0.07843017578125,0.935791015625,1.353302001953125,-4.8150634765625,-0.8074951171875,1,1.0,1.0,1.0,1.0,90.00
2023-02-22 11:37:31.467,0.91545475,1.1860745,1.3950332,1.0847056,0.3585689,0.7303869,0.47434783,0.47312477,0.72786474,0.5116853,-0.01823379,0.59640133,0.49001974,0.08703766,-0.088893846,0.5285933,0.24433625,-0.25062624,-0.43958443,0.34879643,790.54944,788.1319,780.87915,798.20514,796.99634,-0.346435546875,0.07958984375,0.94036865234375,2.041168212890625,-0.8074951171875,-0.829925537109375,1,1.0,1.0,1.0,1.0,90.00
2023-02-22 11:37:32.488,0.43479124,1.1860745,1.4306179,0.59998834,0.18386781,0.7303869,0.69597054,0.21924943,0.6412035,0.5116853,0.44951606,0.48095,0.3818896,0.08703766,0.047531564,0.49104786,0.13158177,-0.25062624,-0.39687183,0.1533838,813.1135,789.7436,800.2198,796.1905,784.90845,-0.3597412109375,0.0792236328125,0.93609619140625,1.263580322265625,-2.086029052734375,-0.6878662109375,1,1.0,1.0,1.0,1.0,90.00
2023-02-22 11:37:33.495,0.95027375,1.1860745,1.4888127,0.779954,0.25614983,0.7303869,0.7140833,0.25766057,0.67732817,0.5116853,0.42070663,0.4919664,0.4779688,0.08703766,-0.058306642,0.40024042,0.14812814,-0.25062624,-0.32564738,0.046021957,799.41394,805.8608,807.8755,806.26373,745.82416,-0.3544921875,0.0802001953125,0.93682861328125,1.248626708984375,-7.1478271484375,-1.099090576171875,1,1.0,1.0,1.0,1.0,90.00
2023-02-22 11:37:34.499,0.683709,1.1860745,1.4688308,0.734425,0.16494688,0.7303869,0.6003645,0.2833054,0.5318329,0.5116853,0.17343779,0.49051112,0.48253757,0.08703766,0.116430886,0.32686362,0.09497784,-0.25062624,-0.28411782,0.17387041,802.23444,809.89014,815.5311,817.1429,969.0476,-0.34918212890625,0.07830810546875,0.9356689453125,1.143951416015625,-5.323486328125,-0.67291259765625,1,1.0,1.0,1.0,1.0,90.00
2023-02-22 11:37:35.509,0.93358606,1.1860745,1.4892931,1.0808321,0.2892321,0.7303869,0.52887267,0.34539908,0.54431427,0.5116853,0.16994667,0.4556491,0.34231672,0.08703766,0.044621646,0.30741993,0.14998591,-0.25062624,-0.28847736,0.17320004,831.6484,729.707,782.8938,823.1868,784.90845,-0.32012939453125,0.04119873046875,0.94769287109375,0.5084228515625,-11.46942138671875,-8.50860595703125,1,1.0,1.0,1.0,1.0,95.00
2023-02-22 11:37:36.510,0.9834233,1.1860745,1.5292902,1.1279691,0.2441653,0.7303869,0.32448095,0.37365416,0.47839224,0.5116853,0.11490926,0.43070683,0.27932063,0.08703766,-0.04606094,0.24648516,0.16943112,-0.25062624,-0.31662837,0.09432898,776.8498,790.14655,811.0989,792.5641,651.9414,-0.26654052734375,-0.01068115234375,0.9791259765625,0.650482177734375,-6.183319091796875,-1.891632080078125,1,1.0,4.0,1.0,1.0,95.00
2023-02-22 11:37:37,,,,,,,,,,,,,,,,,,,,,,,,,,,,,,,,,,,,,,/muse/elements/blink
2023-02-22 11:37:37.516,0.97136045,1.1860745,1.5292902,0.53036994,0.5608528,0.7303869,0.32448095,0.034755062,0.8869342,0.5116853,0.11490926,0.58552337,0.8491494,0.08703766,-0.04606094,0.69928974,0.641538,-0.25062624,-0.31662837,0.595936,744.61536,700.293,743.00366,747.4359,662.8205,-0.2471923828125,-0.02252197265625,0.97210693359375,0.31402587890625,-3.760833740234375,-1.383209228515625,1,1.0,4.0,1.0,1.0,95.00
2023-02-22 11:37:37,,,,,,,,,,,,,,,,,,,,,,,,,,,,,,,,,,,,,,/muse/elements/blink
2023-02-22 11:37:38,,,,,,,,,,,,,,,,,,,,,,,,,,,,,,,,,,,,,,/muse/elements/blink
2023-02-22 11:37:38.528,1.0922894,1.1860745,1.5292902,0.5422725,0.74725324,0.7303869,0.32448095,0.03808454,0.8349366,0.5116853,0.11490926,0.5750511,0.839966,0.08703766,-0.04606094,0.71644384,0.7192821,-0.25062624,-0.31662837,0.63920957,801.02563,695.05493,776.4469,804.65204,916.26373,-0.2303466796875,-0.0274658203125,0.98291015625,1.31591796875,-6.47491455078125,-0.590667724609375,1,1.0,2.0,1.0,1.0,95.00
2023-02-22 11:37:39.533,1.0922894,1.1860745,1.5292902,0.5422725,0.74725324,0.7303869,0.32448095,0.03808454,0.8349366,0.5116853,0.11490926,0.5750511,0.839966,0.08703766,-0.04606094,0.71644384,0.7192821,-0.25062624,-0.31662837,0.63920957,824.3956,814.7253,803.8461,796.5934,648.315,-0.18853759765625,-0.03350830078125,0.98480224609375,1.592559814453125,-4.702911376953125,-1.1663818359375,1,1.0,1.0,1.0,1.0,95.00
2023-02-22 11:37:40.545,1.0922894,1.1860745,1.5292902,0.5422725,0.74725324,0.7303869,0.32448095,0.03808454,0.8349366,0.5116853,0.11490926,0.5750511,0.839966,0.08703766,-0.04606094,0.71644384,0.7192821,-0.25062624,-0.31662837,0.63920957,807.0696,842.9304,854.21246,810.696,750.65936,-0.200439453125,-0.03131103515625,0.989013671875,1.6748046875,-4.26177978515625,-1.03179931640625,1,2.0,1.0,1.0,2.0,95.00
2023-02-22 11:37:40,,,,,,,,,,,,,,,,,,,,,,,,,,,,,,,,,,,,,,/muse/elements/blink
2023-02-22 11:37:41.562,1.0922894,1.1860745,1.5292902,0.5422725,0.74725324,0.7303869,0.32448095,0.03808454,0.8349366,0.5116853,0.11490926,0.5750511,0.839966,0.08703766,-0.04606094,0.71644384,0.7192821,-0.25062624,-0.31662837,0.63920957,823.1868,776.8498,786.52014,829.2308,849.7802,-0.236328125,0.008544921875,0.97735595703125,2.87109375,-3.521575927734375,-1.069183349609375,1,2.0,1.0,1.0,2.0,95.00
2023-02-22 11:37:42.565,1.0922894,1.1860745,1.5292902,0.5422725,0.74725324,0.7303869,0.32448095,0.03808454,0.8349366,0.5116853,0.11490926,0.5750511,0.839966,0.08703766,-0.04606094,0.71644384,0.7192821,-0.25062624,-0.31662837,0.63920957,801.8315,809.0842,811.9048,794.57874,681.75824,-0.2437744140625,0.021484375,0.974609375,2.85614013671875,-2.75146484375,-1.62994384765625,1,2.0,1.0,1.0,2.0,95.00
2023-02-22 11:37:43.584,1.0922894,1.1860745,1.0282838,0.5422725,0.74725324,0.7303869,0.3695924,0.03808454,0.8349366,0.5116853,0.10039866,0.5750511,0.839966,0.08703766,-0.079948716,0.71644384,0.7192821,-0.25062624,-0.32227612,0.63920957,812.3077,812.3077,807.8755,799.81683,829.6337,-0.2548828125,0.020263671875,0.96856689453125,1.79443359375,-3.84307861328125,-1.09161376953125,1,2.0,1.0,1.0,2.0,95.00
2023-02-22 11:37:44.609,0.31862462,1.1860745,1.306852,0.28553256,0.11477646,0.7303869,0.4947767,0.2289427,0.4826138,0.5116853,0.23431858,0.25774372,0.56135845,0.08703766,-0.014968526,0.57639915,0.43445182,-0.25062624,-0.27933276,0.25362024,801.4286,799.41394,737.76556,810.696,772.8205,-0.28485107421875,0.02764892578125,0.96246337890625,0.91217041015625,-6.945953369140625,-2.400054931640625,1,1.0,1.0,1.0,1.0,95.00
2023-02-22 11:37:45.622,0.24035329,1.1860745,1.4329625,0.5498165,0.22139429,0.7303869,0.540054,0.31825182,0.43260297,0.5116853,0.19134033,0.38648573,0.5858931,0.08703766,0.025729636,0.5541004,0.45019662,-0.25062624,-0.23212554,0.1783946,835.2747,827.619,835.6777,837.28937,759.12085,-0.27667236328125,0.035400390625,0.963623046875,1.71966552734375,-0.082244873046875,-1.57012939453125,1,1.0,1.0,1.0,1.0,95.00
2023-02-22 11:37:46.624,0.2632192,1.1860745,1.4329625,1.2367622,0.2350303,0.7303869,0.540054,0.6292222,0.42530814,0.5116853,0.19134033,0.74822575,0.5945099,0.08703766,0.025729636,0.53280956,0.41329208,-0.25062624,-0.23212554,0.012263208,819.9634,837.6923,813.5165,821.978,749.0476,-0.2777099609375,0.04150390625,0.96307373046875,2.0635986328125,0.201873779296875,-0.396270751953125,1,1.0,1.0,1.0,1.0,95.00
2023-02-22 11:37:47.631,0.2632192,1.1860745,1.3945014,1.3606774,0.2350303,0.7303869,0.61549777,1.1264987,0.42530814,0.5116853,0.14622733,0.8986575,0.5945099,0.08703766,0.24992779,0.5516428,0.41329208,-0.25062624,-0.2238158,0.22620384,832.0513,782.0879,790.14655,830.84247,1059.7069,-0.28082275390625,0.032958984375,0.96734619140625,2.61688232421875,-0.201873779296875,-0.97198486328125,1,1.0,1.0,1.0,1.0,95.00
2023-02-22 11:37:47,,,,,,,,,,,,,,,,,,,,,,,,,,,,,,,,,,,,,,/muse/elements/blink
2023-02-22 11:37:48.641,0.2632192,1.1860745,1.3945014,1.3606774,0.2350303,0.7303869,0.61549777,1.1264987,0.42530814,0.5116853,0.14622733,0.8986575,0.5945099,0.08703766,0.24992779,0.5516428,0.41329208,-0.25062624,-0.2238158,0.22620384,784.90845,740.18317,797.8022,803.8461,698.68134,-0.28857421875,0.04193115234375,0.9647216796875,1.15142822265625,-3.21502685546875,-1.099090576171875,1,1.0,1.0,1.0,1.0,95.00
2023-02-22 11:37:49.643,0.2632192,1.1860745,1.3945014,1.3606774,0.2350303,0.7303869,0.61549777,1.1264987,0.42530814,0.5116853,0.14622733,0.8986575,0.5945099,0.08703766,0.24992779,0.5516428,0.41329208,-0.25062624,-0.2238158,0.22620384,790.54944,750.65936,800.6227,799.81683,751.06226,-0.28497314453125,0.04119873046875,0.96478271484375,1.577606201171875,-4.388885498046875,-1.009368896484375,1,2.0,1.0,1.0,2.0,95.00
2023-02-22 11:37:50.658,1.024047,1.1860745,1.3945014,0.41866648,-0.089559436,0.7303869,0.61549777,0.35874292,0.5899849,0.5116853,0.14622733,0.6343969,0.52886444,0.08703766,0.24992779,0.5942475,0.3066656,-0.25062624,-0.2238158,0.43463293,813.91943,884.43225,853.8095,811.0989,925.9341,-0.282470703125,0.0443115234375,0.96295166015625,1.71966552734375,-3.8580322265625,-0.49346923828125,1,1.0,1.0,1.0,1.0,95.00
2023-02-22 11:37:51.669,1.048378,1.1860745,1.3945014,0.41866648,-0.18456933,0.7303869,0.61549777,0.35874292,0.5133424,0.5116853,0.14622733,0.6343969,0.52969706,0.08703766,0.24992779,0.5942475,0.23423415,-0.25062624,-0.2238158,0.43463293,812.3077,866.7033,798.20514,804.65204,734.1392,-0.281005859375,0.0438232421875,0.9677734375,1.786956787109375,-4.015045166015625,-1.2860107421875,1,1.0,1.0,1.0,1.0,95.00
2023-02-22 11:37:52.679,0.7749778,1.1860745,1.3945014,0.41866648,-0.01578348,0.7303869,0.61549777,0.35874292,0.4164846,0.5116853,0.14622733,0.6343969,0.55966216,0.08703766,0.24992779,0.5942475,0.28164718,-0.25062624,-0.2238158,0.43463293,819.15753,718.8278,803.8461,819.5604,791.75824,-0.2802734375,0.0352783203125,0.96197509765625,1.15142822265625,-2.99072265625,-0.381317138671875,1,1.0,1.0,1.0,1.0,95.00
2023-02-22 11:37:53.693,0.7749778,1.1860745,1.3945014,0.41866648,-0.01578348,0.7303869,0.61549777,0.35874292,0.4164846,0.5116853,0.14622733,0.6343969,0.55966216,0.08703766,0.24992779,0.5942475,0.28164718,-0.25062624,-0.2238158,0.43463293,809.89014,826.8132,812.3077,809.0842,783.2967,-0.2840576171875,0.040771484375,0.96136474609375,1.4654541015625,-3.267364501953125,-1.07666015625,1,1.0,1.0,1.0,1.0,95.00
2023-02-22 11:37:54.699,1.1193303,1.1860745,1.3020656,0.41866648,0.64482147,0.7303869,0.5550179,0.35874292,0.7802963,0.5116853,0.28292346,0.6343969,0.5565394,0.08703766,0.0691162,0.5942475,0.1364514,-0.25062624,-0.27334717,0.43463293,805.4579,796.99634,797.3993,789.7436,743.8095,-0.2899169921875,0.0423583984375,0.9658203125,2.011260986328125,-4.134674072265625,-0.88226318359375,1,1.0,1.0,1.0,1.0,95.00
2023-02-22 11:37:55,,,,,,,,,,,,,,,,,,,,,,,,,,,,,,,,,,,,,,/muse/elements/blink
2023-02-22 11:37:55.712,0.71464914,1.1860745,1.4292966,0.48469687,0.3028795,0.7303869,0.53797424,0.32306147,0.78196657,0.5116853,0.27247745,0.9074558,0.5698295,0.08703766,0.17470692,0.6262017,0.1548331,-0.25062624,-0.28645334,0.18566251,830.4396,845.34796,827.2161,807.8755,736.55676,-0.28485107421875,0.03875732421875,0.95916748046875,1.502838134765625,-4.074859619140625,-0.800018310546875,1,1.0,1.0,1.0,1.0,85.00
2023-02-22 11:37:55,,,,,,,,,,,,,,,,,,,,,,,,,,,,,,,,,,,,,,/muse/elements/blink
2023-02-22 11:37:56.724,0.45953372,1.1860745,1.4292966,0.48469687,0.14869194,0.7303869,0.53797424,0.32306147,0.775292,0.5116853,0.27247745,0.9074558,0.5609647,0.08703766,0.17470692,0.6262017,0.23231678,-0.25062624,-0.28645334,0.18566251,803.0403,805.05493,826.8132,795.38464,747.8388,-0.2886962890625,0.03759765625,0.95697021484375,1.7047119140625,-3.596343994140625,-0.755157470703125,1,1.0,1.0,1.0,1.0,85.00
2023-02-22 11:37:57.730,1.2645836,1.1860745,1.4292966,0.48469687,1.0705763,0.7303869,0.53797424,0.32306147,0.95114017,0.5116853,0.27247745,0.9074558,0.90908355,0.08703766,0.17470692,0.6262017,0.43888304,-0.25062624,-0.28645334,0.18566251,817.9487,853.00366,817.1429,840.5128,909.011,-0.3126220703125,0.0537109375,0.96014404296875,2.265472412109375,3.3197021484375,3.506622314453125,1,1.0,1.0,1.0,1.0,85.00
2023-02-22 11:37:58,,,,,,,,,,,,,,,,,,,,,,,,,,,,,,,,,,,,,,/muse/elements/blink
2023-02-22 11:37:58.752,1.375066,1.1860745,1.4292966,0.48469687,1.1273367,0.7303869,0.53797424,0.32306147,0.94426143,0.5116853,0.27247745,0.9074558,0.9035728,0.08703766,0.17470692,0.6262017,0.36275393,-0.25062624,-0.28645334,0.18566251,801.4286,779.67035,797.8022,823.5897,708.3516,-0.3433837890625,0.05120849609375,0.94879150390625,2.325286865234375,1.15142822265625,-0.43365478515625,1,1.0,1.0,1.0,1.0,85.00
2023-02-22 11:37:59.760,1.5667409,1.1860745,1.4292966,0.948906,1.2764539,0.7303869,0.53797424,0.64854205,0.9294008,0.5116853,0.27247745,1.0049522,0.89875233,0.08703766,0.17470692,1.0881051,0.2417439,-0.25062624,-0.28645334,1.2180477,815.9341,817.1429,801.02563,817.5458,794.57874,-0.30126953125,0.0484619140625,0.9666748046875,2.310333251953125,-3.66363525390625,4.523468017578125,1,1.0,1.0,1.0,1.0,85.00
2023-02-22 11:38:00,,,,,,,,,,,,,,,,,,,,,,,,,,,,,,,,,,,,,,/muse/elements/blink
2023-02-22 11:38:00.768,1.5667409,1.1860745,1.4292966,0.8277074,1.2764539,0.7303869,0.53797424,0.60337293,0.9294008,0.5116853,0.27247745,1.0059806,0.89875233,0.08703766,0.17470692,0.91563827,0.2417439,-0.25062624,-0.28645334,1.0671234,851.39197,0.0,1084.2858,828.8278,797.8022,-0.25152587890625,0.1214599609375,0.98004150390625,-6.68426513671875,3.75335693359375,-1.375732421875,1,1.0,1.0,1.0,1.0,85.00
2023-02-22 11:38:01.774,1.5667409,1.1860745,1.4292966,0.8477751,1.2764539,0.7303869,0.53797424,0.682022,0.9294008,0.5116853,0.27247745,0.7120907,0.89875233,0.08703766,0.17470692,1.1409262,0.2417439,-0.25062624,-0.28645334,0.86413765,635.0183,671.28204,862.674,647.50916,655.16486,-0.28546142578125,0.06292724609375,0.9638671875,-2.7813720703125,3.790740966796875,-9.517974853515625,1,1.0,4.0,1.0,1.0,85.00
2023-02-22 11:38:02,,,,,,,,,,,,,,,,,,,,,,,,,,,,,,,,,,,,,,/muse/elements/blink
2023-02-22 11:38:02.776,1.5667409,1.1860745,1.4292966,0.8477751,1.2764539,0.7303869,0.53797424,0.682022,0.9294008,0.5116853,0.27247745,0.7120907,0.89875233,0.08703766,0.17470692,1.1409262,0.2417439,-0.25062624,-0.28645334,0.86413765,824.7985,614.4689,844.1392,799.011,603.1868,-0.24053955078125,-0.03204345703125,0.806884765625,9.114227294921875,-13.20404052734375,-6.841278076171875,1,1.0,2.0,1.0,1.0,85.00
2023-02-22 11:38:03.785,1.5667409,1.1860745,1.4292966,0.8477751,1.2764539,0.7303869,0.53797424,0.682022,0.9294008,0.5116853,0.27247745,0.7120907,0.89875233,0.08703766,0.17470692,1.1409262,0.2417439,-0.25062624,-0.28645334,0.86413765,778.86444,682.5641,819.15753,791.3553,637.8388,-0.248046875,-0.0526123046875,0.9700927734375,-0.97198486328125,-14.7442626953125,-2.534637451171875,1,1.0,4.0,1.0,1.0,85.00
2023-02-22 11:38:04,,,,,,,,,,,,,,,,,,,,,,,,,,,,,,,,,,,,,,/muse/elements/blink
2023-02-22 11:38:04,,,,,,,,,,,,,,,,,,,,,,,,,,,,,,,,,,,,,,/muse/elements/blink
2023-02-22 11:38:04.794,1.5667409,1.1860745,1.4292966,0.8477751,1.2764539,0.7303869,0.53797424,0.682022,0.9294008,0.5116853,0.27247745,0.7120907,0.89875233,0.08703766,0.17470692,1.1409262,0.2417439,-0.25062624,-0.28645334,0.86413765,809.4872,626.55676,766.3736,861.06226,679.7436,-0.1710205078125,-0.13134765625,0.9864501953125,0.889739990234375,-5.046844482421875,0.695343017578125,1,2.0,4.0,1.0,2.0,85.00
2023-02-22 11:38:05.804,1.5667409,1.1860745,1.4292966,0.8477751,1.2764539,0.7303869,0.53797424,0.682022,0.9294008,0.5116853,0.27247745,0.7120907,0.89875233,0.08703766,0.17470692,1.1409262,0.2417439,-0.25062624,-0.28645334,0.86413765,771.6117,595.12823,809.89014,757.1062,674.10254,-0.1778564453125,-0.168212890625,0.98150634765625,5.136566162109375,-7.409515380859375,-5.1739501953125,1,2.0,4.0,1.0,2.0,85.00
2023-02-22 11:38:06,,,,,,,,,,,,,,,,,,,,,,,,,,,,,,,,,,,,,,/muse/elements/blink
2023-02-22 11:38:06.823,1.5667409,1.1860745,1.4292966,0.8477751,1.2764539,0.7303869,0.53797424,0.682022,0.9294008,0.5116853,0.27247745,0.7120907,0.89875233,0.08703766,0.17470692,1.1409262,0.2417439,-0.25062624,-0.28645334,0.86413765,780.07324,597.5458,861.8681,800.6227,788.93774,-0.01611328125,-0.01678466796875,1.0111083984375,3.09539794921875,-4.32159423828125,-7.529144287109375,1,2.0,2.0,1.0,2.0,90.00
2023-02-22 11:38:07,,,,,,,,,,,,,,,,,,,,,,,,,,,,,,,,,,,,,,/muse/elements/blink
2023-02-22 11:38:07.840,1.5667409,1.1860745,1.4292966,0.8477751,1.2764539,0.7303869,0.53797424,0.682022,0.9294008,0.5116853,0.27247745,0.7120907,0.89875233,0.08703766,0.17470692,1.1409262,0.2417439,-0.25062624,-0.28645334,0.86413765,799.41394,1072.6007,780.07324,793.36993,860.65936,-0.1533203125,-0.12274169921875,0.98651123046875,-6.81884765625,-6.736602783203125,-7.55157470703125,1,2.0,2.0,1.0,2.0,90.00
2023-02-22 11:38:08.858,1.5667409,1.1860745,1.4292966,0.8477751,1.2764539,0.7303869,0.53797424,0.682022,0.9294008,0.5116853,0.27247745,0.7120907,0.89875233,0.08703766,0.17470692,1.1409262,0.2417439,-0.25062624,-0.28645334,0.86413765,796.5934,861.06226,826.8132,828.4249,776.4469,-0.0604248046875,-0.2274169921875,0.97857666015625,2.82623291015625,-4.074859619140625,-10.086212158203125,1,2.0,2.0,1.0,2.0,90.00
